{
    "name": "root",
    "gauges": {
        "Ship.Policy.Entropy.mean": {
            "value": 1.4350614547729492,
            "min": 1.4285508394241333,
            "max": 2.1119484901428223,
            "count": 71
        },
        "Ship.Environment.EpisodeLength.mean": {
            "value": 2909.5,
            "min": 906.2,
            "max": 4081.4,
            "count": 71
        },
        "Ship.Game.Score.mean": {
            "value": 1.0,
            "min": 0.0,
            "max": 4.625,
            "count": 71
        },
        "Ship.Game.Wave.mean": {
            "value": 1.0,
            "min": 1.0,
            "max": 1.0714285714285714,
            "count": 71
        },
        "Ship.Policy.ExtrinsicValueEstimate.mean": {
            "value": -0.06775476038455963,
            "min": -0.27519649267196655,
            "max": -0.0240875743329525,
            "count": 71
        },
        "Ship.Environment.CumulativeReward.mean": {
            "value": -2.6500091552734375,
            "min": -12.102195732733783,
            "max": -2.257744141987392,
            "count": 71
        },
        "Ship.Policy.ExtrinsicReward.mean": {
            "value": -2.6500091552734375,
            "min": -12.102195732733783,
            "max": -2.257744141987392,
            "count": 71
        },
        "Ship.Losses.PolicyLoss.mean": {
            "value": 0.020123365267257515,
            "min": 0.012408119972678832,
            "max": 0.02211068884159128,
            "count": 71
        },
        "Ship.Losses.ValueLoss.mean": {
            "value": 0.0005579284401998545,
            "min": 0.000180745788262963,
            "max": 0.002781969130349656,
            "count": 71
        },
        "Ship.Policy.LearningRate.mean": {
            "value": 9.649150750849598e-05,
            "min": 9.649150750849598e-05,
            "max": 9.995696004303998e-05,
            "count": 71
        },
        "Ship.Policy.Epsilon.mean": {
            "value": 0.19649150399999998,
            "min": 0.19649150399999998,
            "max": 0.19995696,
            "count": 71
        },
        "Ship.Policy.Beta.mean": {
            "value": 0.0048249260496,
            "min": 0.0048249260496,
            "max": 0.004997852303999999,
            "count": 71
        },
        "Ship.IsTraining.mean": {
            "value": 1.0,
            "min": 1.0,
            "max": 1.0,
            "count": 71
        }
    },
    "metadata": {
        "timer_format_version": "0.1.0",
        "start_time_seconds": "1610039777",
        "python_version": "3.8.0 (tags/v3.8.0:fa919fd, Oct 14 2019, 19:37:50) [MSC v.1916 64 bit (AMD64)]",
        "command_line_arguments": "C:\\Users\\diogo\\AppData\\Local\\Programs\\Python\\Python38\\Scripts\\mlagents-learn ./config/ppo/Asteroids.yaml --run-id=12_MoveNShoot_SameAsLastButMaxTimeoutBeforeDeath_FixedFinishEpisodeBug",
        "mlagents_version": "0.23.0",
        "mlagents_envs_version": "0.23.0",
        "communication_protocol_version": "1.3.0",
        "pytorch_version": "1.7.1+cpu",
        "numpy_version": "1.18.5",
        "end_time_seconds": "1610047503"
    },
    "total": 7725.163487700001,
    "count": 1,
    "self": 0.010449100001096667,
    "children": {
        "run_training.setup": {
            "total": 0.012778399999999968,
            "count": 1,
            "self": 0.012778399999999968
        },
        "TrainerController.start_learning": {
            "total": 7725.1402602,
            "count": 1,
            "self": 2.466761399945426,
            "children": {
                "TrainerController._reset_env": {
                    "total": 30.850744999999996,
                    "count": 1,
                    "self": 30.850744999999996
                },
                "TrainerController.advance": {
                    "total": 7691.277791600054,
                    "count": 72192,
                    "self": 1.3253221999393645,
                    "children": {
                        "env_step": {
                            "total": 7689.952469400115,
                            "count": 72192,
                            "self": 7210.15909019992,
                            "children": {
                                "SubprocessEnvManager._take_step": {
                                    "total": 478.3382888001853,
                                    "count": 72192,
                                    "self": 7.70215960029293,
                                    "children": {
                                        "TorchPolicy.evaluate": {
                                            "total": 470.63612919989237,
                                            "count": 72192,
                                            "self": 68.75101560007579,
                                            "children": {
                                                "TorchPolicy.sample_actions": {
                                                    "total": 401.8851135998166,
                                                    "count": 72192,
                                                    "self": 401.8851135998166
                                                }
                                            }
                                        }
                                    }
                                },
                                "workers": {
                                    "total": 1.4550904000098086,
                                    "count": 72191,
                                    "self": 0.0,
                                    "children": {
                                        "worker_root": {
                                            "total": 7690.3680568,
                                            "count": 72191,
                                            "is_parallel": true,
                                            "self": 693.6529300000157,
                                            "children": {
                                                "steps_from_proto": {
                                                    "total": 0.002500000000001279,
                                                    "count": 1,
                                                    "is_parallel": true,
                                                    "self": 0.0002671999999996899,
                                                    "children": {
                                                        "_process_vector_observation": {
                                                            "total": 0.002232800000001589,
                                                            "count": 6,
                                                            "is_parallel": true,
                                                            "self": 0.002232800000001589
                                                        }
                                                    }
                                                },
                                                "UnityEnvironment.step": {
                                                    "total": 6996.712626799985,
                                                    "count": 72191,
                                                    "is_parallel": true,
                                                    "self": 22.365318799959823,
                                                    "children": {
                                                        "UnityEnvironment._generate_step_input": {
                                                            "total": 152.5241236999923,
                                                            "count": 72191,
                                                            "is_parallel": true,
                                                            "self": 152.5241236999923
                                                        },