{
    "name": "root",
    "gauges": {
        "Ship.Policy.Entropy.mean": {
            "value": 0.689979076385498,
            "min": 0.5572441816329956,
            "max": 0.6930655241012573,
            "count": 59
        },
        "Ship.Environment.EpisodeLength.mean": {
            "value": 40.088235294117645,
            "min": 39.350806451612904,
            "max": 41.3771186440678,
            "count": 59
        },
        "Ship.Game.Score.mean": {
            "value": 950.2268907563025,
            "min": 8.707317073170731,
            "max": 950.2268907563025,
            "count": 59
        },
        "Ship.Game.Wave.mean": {
            "value": 951.2268907563025,
            "min": 9.707317073170731,
            "max": 951.2268907563025,
            "count": 59
        },
        "Ship.Policy.ExtrinsicValueEstimate.mean": {
            "value": 0.0312502421438694,
            "min": 0.02125418558716774,
            "max": 0.039794374257326126,
            "count": 59
        },
        "Ship.Environment.CumulativeReward.mean": {
            "value": 0.15000000596046448,
            "min": 0.15000000596046448,
            "max": 0.15000000596046448,
            "count": 59
        },
        "Ship.Policy.ExtrinsicReward.mean": {
            "value": 0.15000000596046448,
            "min": 0.15000000596046448,
            "max": 0.15000000596046448,
            "count": 59
        },
        "Ship.Losses.PolicyLoss.mean": {
            "value": 0.06655970487918239,
            "min": 0.060938698286190626,
            "max": 0.07554296524613165,
            "count": 59
        },
        "Ship.Losses.ValueLoss.mean": {
            "value": 0.001241321395051879,
            "min": 0.0012003904421969006,
            "max": 0.0013451070569014216,
            "count": 59
        },
        "Ship.Policy.LearningRate.mean": {
            "value": 0.00029648984517005204,
            "min": 0.00029648984517005204,
            "max": 0.00029996848051050645,
            "count": 59
        },
        "Ship.Policy.Epsilon.mean": {
            "value": 0.19882994799999998,
            "min": 0.19882994799999998,
            "max": 0.19998949350000003,
            "count": 59
        },
        "Ship.Policy.Beta.mean": {
            "value": 0.0049416144052,
            "min": 0.0049416144052,
            "max": 0.00499947572565,
            "count": 59
        },
        "Ship.IsTraining.mean": {
            "value": 1.0,
            "min": 1.0,
            "max": 1.0,
            "count": 59
        }
    },
    "metadata": {
        "timer_format_version": "0.1.0",
        "start_time_seconds": "1609075207",
        "python_version": "3.8.0 (tags/v3.8.0:fa919fd, Oct 14 2019, 19:37:50) [MSC v.1916 64 bit (AMD64)]",
        "command_line_arguments": "C:\\Users\\diogo\\AppData\\Local\\Programs\\Python\\Python38\\Scripts\\mlagents-learn ./config/ppo/Asteroids.yaml --run-id=JustShoot_v2_newsensors",
        "mlagents_version": "0.23.0",
        "mlagents_envs_version": "0.23.0",
        "communication_protocol_version": "1.3.0",
        "pytorch_version": "1.7.1+cpu",
        "numpy_version": "1.18.5",
        "end_time_seconds": "1609076415"
    },
    "total": 1207.7600025,
    "count": 1,
    "self": 0.009615800000119634,
    "children": {
        "run_training.setup": {
            "total": 0.01215989999999989,
            "count": 1,
            "self": 0.01215989999999989
        },
        "TrainerController.start_learning": {
            "total": 1207.7382268,
            "count": 1,
            "self": 1.492066199984265,
            "children": {
                "TrainerController._reset_env": {
                    "total": 7.6284302,
                    "count": 1,
                    "self": 7.6284302
                },
                "TrainerController.advance": {
                    "total": 1198.5347616000158,
                    "count": 39430,
                    "self": 0.7627777000043352,
                    "children": {
                        "env_step": {
                            "total": 1197.7719839000115,
                            "count": 39430,
                            "self": 1038.9888697000004,
                            "children": {
                                "SubprocessEnvManager._take_step": {
                                    "total": 157.90002040000593,
                                    "count": 39430,
                                    "self": 3.7684976000105053,
                                    "children": {
                                        "TorchPolicy.evaluate": {
                                            "total": 154.13152279999542,
                                            "count": 39430,
                                            "self": 42.70798430000488,
                                            "children": {
                                                "TorchPolicy.sample_actions": {
                                                    "total": 111.42353849999054,
                                                    "count": 39430,
                                                    "self": 111.42353849999054
                                                }
                                            }
                                        }
                                    }
                                },
                                "workers": {
                                    "total": 0.8830938000052875,
                                    "count": 39429,
                                    "self": 0.0,
                                    "children": {
                                        "worker_root": {
                                            "total": 1198.4382718000013,
                                            "count": 39429,
                                            "is_parallel": true,
                                            "self": 292.85384719999956,
                                            "children": {
                                                "steps_from_proto": {
                                                    "total": 0.0007273999999997116,
                                                    "count": 1,
                                                    "is_parallel": true,
                                                    "self": 0.00041329999999906164,
                                                    "children": {
                                                        "_process_vector_observation": {
                                                            "total": 0.00031410000000064997,
                                                            "count": 2,
                                                            "is_parallel": true,
                                                            "self": 0.00031410000000064997
                                                        }
                                                    }
                                                },
                                                "UnityEnvironment.step": {
                                                    "total": 905.5836972000018,
                                                    "count": 39429,
                                                    "is_parallel": true,
                                                    "self": 6.606206900028042,
                                                    "children": {
                                                        "UnityEnvironment._generate_step_input": {
                                                            "total": 60.219424999971615,
                                                            "count": 39429,
                                                            "is_parallel": true,