{
    "name": "root",
    "gauges": {
        "Ship.Policy.Entropy.mean": {
            "value": 1.509069561958313,
            "min": 1.4793230295181274,
            "max": 2.069194793701172,
            "count": 71
        },
        "Ship.Environment.EpisodeLength.mean": {
            "value": 130.88311688311688,
            "min": 112.5909090909091,
            "max": 483.82608695652175,
            "count": 71
        },
        "Ship.Game.Score.mean": {
            "value": 145.84415584415584,
            "min": 1.2941176470588236,
            "max": 145.84415584415584,
            "count": 71
        },
        "Ship.Game.Wave.mean": {
            "value": 146.84415584415584,
            "min": 2.2941176470588234,
            "max": 146.84415584415584,
            "count": 71
        },
        "Ship.Policy.ExtrinsicValueEstimate.mean": {
            "value": 0.5545045733451843,
            "min": 0.03890492767095566,
            "max": 0.5831310749053955,
            "count": 71
        },
        "Ship.Policy.CuriosityValueEstimate.mean": {
            "value": 0.025943204760551453,
            "min": -0.00014146596367936581,
            "max": 0.05632692575454712,
            "count": 71
        },
        "Ship.Environment.CumulativeReward.mean": {
            "value": 0.8563946909026096,
            "min": -0.4083915080713189,
            "max": 0.8762891084314829,
            "count": 71
        },
        "Ship.Policy.ExtrinsicReward.mean": {
            "value": 0.8563946909026096,
            "min": -0.4083915080713189,
            "max": 0.8762891084314829,
            "count": 71
        },
        "Ship.Policy.CuriosityReward.mean": {
            "value": 0.0224696260043665,
            "min": 0.013575008604675531,
            "max": 0.1643100037170505,
            "count": 71
        },
        "Ship.Losses.PolicyLoss.mean": {
            "value": 0.01511333785477594,
            "min": 0.010274690963948766,
            "max": 0.030354867359468095,
            "count": 71
        },
        "Ship.Losses.ValueLoss.mean": {
            "value": 0.0016923300281632692,
            "min": 0.0013998619901637237,
            "max": 0.012505152293791375,
            "count": 71
        },
        "Ship.Policy.LearningRate.mean": {
            "value": 0.0002942689384103545,
            "min": 0.0002942689384103545,
            "max": 0.0002984463605178799,
            "count": 71
        },
        "Ship.Policy.Epsilon.mean": {
            "value": 0.19808964550000002,
            "min": 0.19808964550000002,
            "max": 0.19948212,
            "count": 71
        },
        "Ship.Policy.Beta.mean": {
            "value": 0.00490467331045,
            "min": 0.00490467331045,
            "max": 0.004974157787999999,
            "count": 71
        },
        "Ship.Losses.CuriosityForwardLoss.mean": {
            "value": 0.01740335114300251,
            "min": 0.012625862626979747,
            "max": 0.034510385477915406,
            "count": 71
        },
        "Ship.Losses.CuriosityInverseLoss.mean": {
            "value": 0.966762291888396,
            "min": 0.9244513909022014,
            "max": 1.6324335187673569,
            "count": 71
        },
        "Ship.IsTraining.mean": {
            "value": 1.0,
            "min": 1.0,
            "max": 1.0,
            "count": 71
        }
    },
    "metadata": {
        "timer_format_version": "0.1.0",
        "start_time_seconds": "1609171637",
        "python_version": "3.8.0 (tags/v3.8.0:fa919fd, Oct 14 2019, 19:37:50) [MSC v.1916 64 bit (AMD64)]",
        "command_line_arguments": "C:\\Users\\diogo\\AppData\\Local\\Programs\\Python\\Python38\\Scripts\\mlagents-learn ./config/ppo/Asteroids.yaml --run-id=ShootNRotate_v9 --resume",
        "mlagents_version": "0.23.0",
        "mlagents_envs_version": "0.23.0",
        "communication_protocol_version": "1.3.0",
        "pytorch_version": "1.7.1+cpu",
        "numpy_version": "1.18.5",
        "end_time_seconds": "1609176662"
    },
    "total": 5025.703090200001,
    "count": 1,
    "self": 0.009042500000759901,
    "children": {
        "run_training.setup": {
            "total": 0.016706800000000133,
            "count": 1,
            "self": 0.016706800000000133
        },
        "TrainerController.start_learning": {
            "total": 5025.6773409,
            "count": 1,
            "self": 1.7637829999948735,
            "children": {
                "TrainerController._reset_env": {
                    "total": 8.791640899999999,
                    "count": 1,
                    "self": 8.791640899999999
                },
                "TrainerController.advance": {
                    "total": 5015.011944700005,
                    "count": 28219,
                    "self": 0.4006279000541326,
                    "children": {
                        "env_step": {
                            "total": 5014.611316799951,
                            "count": 28219,
                            "self": 4897.319645899951,
                            "children": {
                                "SubprocessEnvManager._take_step": {
                                    "total": 116.80429690002794,
                                    "count": 28219,
                                    "self": 2.4811930000154803,
                                    "children": {
                                        "TorchPolicy.evaluate": {
                                            "total": 114.32310390001246,
                                            "count": 28219,
                                            "self": 26.789929300013682,
                                            "children": {
                                                "TorchPolicy.sample_actions": {
                                                    "total": 87.53317459999877,
                                                    "count": 28219,
                                                    "self": 87.53317459999877
                                                }
                                            }
                                        }
                                    }
                                },
                                "workers": {
                                    "total": 0.4873739999719877,
                                    "count": 28218,
                                    "self": 0.0,
                                    "children": {
                                        "worker_root": {
                                            "total": 5014.422252100017,
                                            "count": 28218,
                                            "is_parallel": true,
                                            "self": 193.36166519999279,
                                            "children": {
                                                "steps_from_proto": {
                                                    "total": 0.005667199999999539,
                                                    "count": 1,
                                                    "is_parallel": true,
                                                    "self": 0.0003972000000000975,
                                                    "children": {
                                                        "_process_vector_observation": {
                                                            "total": 0.005269999999999442,
                                                            "count": 8,
                                                            "is_parallel": true,
                                                            "self": 0.005269999999999442
                                                        }
                                                    }
                                                },