{
    "name": "root",
    "gauges": {
        "Ship.Policy.Entropy.mean": {
            "value": 2.1024396419525146,
            "min": 2.052703857421875,
            "max": 2.1120142936706543,
            "count": 83
        },
        "Ship.Policy.ExtrinsicValueEstimate.mean": {
            "value": -0.35115858912467957,
            "min": -0.3726229667663574,
            "max": 0.004591294564306736,
            "count": 83
        },
        "Ship.Policy.CuriosityValueEstimate.mean": {
            "value": 99.45655059814453,
            "min": 0.004007366020232439,
            "max": 99.708984375,
            "count": 83
        },
        "Ship.Losses.PolicyLoss.mean": {
            "value": 0.01624772929935716,
            "min": 0.010269151414589336,
            "max": 0.02213288112155472,
            "count": 82
        },
        "Ship.Losses.ValueLoss.mean": {
            "value": 0.5454430411259333,
            "min": 0.005674598279945327,
            "max": 131.42981804741754,
            "count": 82
        },
        "Ship.Policy.LearningRate.mean": {
            "value": 0.0002876100581299821,
            "min": 0.0002876100581299821,
            "max": 0.00029986176004607995,
            "count": 82
        },
        "Ship.Policy.Epsilon.mean": {
            "value": 0.19587001799999998,
            "min": 0.19587001799999998,
            "max": 0.19995392,
            "count": 82
        },
        "Ship.Policy.Beta.mean": {
            "value": 0.004793913898199999,
            "min": 0.004793913898199999,
            "max": 0.004997700608,
            "count": 82
        },
        "Ship.Losses.CuriosityForwardLoss.mean": {
            "value": 266.82392578125,
            "min": 194.6599568684896,
            "max": 2582300.539772727,
            "count": 82
        },
        "Ship.Losses.CuriosityInverseLoss.mean": {
            "value": 4.015146374702454,
            "min": 3.7937196493148804,
            "max": 11100.420082785866,
            "count": 82
        },
        "Ship.IsTraining.mean": {
            "value": 1.0,
            "min": 1.0,
            "max": 1.0,
            "count": 83
        },
        "Ship.Environment.EpisodeLength.mean": {
            "value": 7987.5,
            "min": 1244.0,
            "max": 17135.0,
            "count": 78
        },
        "Ship.Game.Score.mean": {
            "value": 7.5,
            "min": 6.0,
            "max": 12.0,
            "count": 78
        },
        "Ship.Game.Wave.mean": {
            "value": 2.25,
            "min": 2.0,
            "max": 3.0,
            "count": 78
        },
        "Ship.Environment.CumulativeReward.mean": {
            "value": -27.130169928073883,
            "min": -60.26567429304123,
            "max": -2.7449999153614044,
            "count": 78
        },
        "Ship.Policy.ExtrinsicReward.mean": {
            "value": -27.130169928073883,
            "min": -60.26567429304123,
            "max": -2.7449999153614044,
            "count": 78
        },
        "Ship.Policy.CuriosityReward.mean": {
            "value": 7863.405738830566,
            "min": 221.0,
            "max": 16511.003410339355,
            "count": 78
        }
    },
    "metadata": {
        "timer_format_version": "0.1.0",
        "start_time_seconds": "1609936741",
        "python_version": "3.8.0 (tags/v3.8.0:fa919fd, Oct 14 2019, 19:37:50) [MSC v.1916 64 bit (AMD64)]",
        "command_line_arguments": "C:\\Users\\diogo\\AppData\\Local\\Programs\\Python\\Python38\\Scripts\\mlagents-learn ./config/ppo/Asteroids.yaml --run-id=6_MoveNShoot_GivenClosestAsteroidInfo_Curiosity",
        "mlagents_version": "0.23.0",
        "mlagents_envs_version": "0.23.0",
        "communication_protocol_version": "1.3.0",
        "pytorch_version": "1.7.1+cpu",
        "numpy_version": "1.18.5",
        "end_time_seconds": "1609946355"
    },
    "total": 9614.629007,
    "count": 1,
    "self": 0.01348150000012538,
    "children": {
        "run_training.setup": {
            "total": 0.012510400000000033,
            "count": 1,
            "self": 0.012510400000000033
        },
        "TrainerController.start_learning": {
            "total": 9614.6030151,
            "count": 1,
            "self": 3.0536588999530068,
            "children": {
                "TrainerController._reset_env": {
                    "total": 9.2088416,
                    "count": 1,
                    "self": 9.2088416
                },
                "TrainerController.advance": {
                    "total": 9602.158816500045,
                    "count": 84239,
                    "self": 1.5586033002109616,
                    "children": {
                        "env_step": {
                            "total": 9600.600213199834,
                            "count": 84239,
                            "self": 8963.297037099786,
                            "children": {
                                "SubprocessEnvManager._take_step": {
                                    "total": 635.5309339001235,
                                    "count": 84239,
                                    "self": 9.185087000123303,
                                    "children": {
                                        "TorchPolicy.evaluate": {
                                            "total": 626.3458469000002,
                                            "count": 84239,
                                            "self": 86.66790029983235,
                                            "children": {
                                                "TorchPolicy.sample_actions": {
                                                    "total": 539.6779466001678,
                                                    "count": 84239,
                                                    "self": 539.6779466001678
                                                }
                                            }
                                        }
                                    }
                                },
                                "workers": {
                                    "total": 1.7722421999233333,
                                    "count": 84238,
                                    "self": 0.0,
                                    "children": {
                                        "worker_root": {
                                            "total": 9601.160028400027,
                                            "count": 84238,
                                            "is_parallel": true,
                                            "self": 900.5665970998998,
                                            "children": {
                                                "steps_from_proto": {
                                                    "total": 0.005945000000000533,
                                                    "count": 1,
                                                    "is_parallel": true,
                                                    "self": 0.0005464000000010572,
                                                    "children": {
                                                        "_process_vector_observation": {
                                                            "total": 0.005398599999999476,
                                                            "count": 6,
                                                            "is_parallel": true,
                                                            "self": 0.005398599999999476
                                                        }
                                                    }
                                                },
                                                "UnityEnvironment.step": {
                                                    "total": 8700.587486300126,
                                                    "count": 84238,