{
    "name": "root",
    "gauges": {
        "Ship.Policy.Entropy.mean": {
            "value": 1.403000831604004,
            "min": 1.403000831604004,
            "max": 2.112901449203491,
            "count": 172
        },
        "Ship.Environment.EpisodeLength.mean": {
            "value": 1568.375,
            "min": 529.7142857142857,
            "max": 2408.8571428571427,
            "count": 172
        },
        "Ship.Game.Score.mean": {
            "value": 0.5,
            "min": 0.0,
            "max": 9.0,
            "count": 172
        },
        "Ship.Game.Wave.mean": {
            "value": 1.0,
            "min": 1.0,
            "max": 3.0,
            "count": 172
        },
        "Ship.Policy.ExtrinsicValueEstimate.mean": {
            "value": -0.08683346211910248,
            "min": -0.4509829878807068,
            "max": 0.021903788670897484,
            "count": 172
        },
        "Ship.Policy.CuriosityValueEstimate.mean": {
            "value": 0.012126314453780651,
            "min": -0.06835541129112244,
            "max": 1.238236665725708,
            "count": 172
        },
        "Ship.Environment.CumulativeReward.mean": {
            "value": -1.1619142613240652,
            "min": -12.150458199637276,
            "max": -0.8432857479367938,
            "count": 172
        },
        "Ship.Policy.ExtrinsicReward.mean": {
            "value": -1.1619142613240652,
            "min": -12.150458199637276,
            "max": -0.8432857479367938,
            "count": 172
        },
        "Ship.Policy.CuriosityReward.mean": {
            "value": 0.1554686628109526,
            "min": 0.0,
            "max": 42.424254546663725,
            "count": 172
        },
        "Ship.IsTraining.mean": {
            "value": 1.0,
            "min": 1.0,
            "max": 1.0,
            "count": 172
        },
        "Ship.Losses.PolicyLoss.mean": {
            "value": 0.02106101452761019,
            "min": 0.0124669989279937,
            "max": 0.026916210483371592,
            "count": 82
        },
        "Ship.Losses.ValueLoss.mean": {
            "value": 0.001800760382320732,
            "min": 0.0009766613986964027,
            "max": 0.3609267115592957,
            "count": 82
        },
        "Ship.Policy.LearningRate.mean": {
            "value": 0.0002896935274354919,
            "min": 0.0002896935274354919,
            "max": 0.0002998765200411601,
            "count": 82
        },
        "Ship.Policy.Epsilon.mean": {
            "value": 0.19656450799999997,
            "min": 0.19656450799999997,
            "max": 0.19995883999999997,
            "count": 82
        },
        "Ship.Policy.Beta.mean": {
            "value": 0.0048285689492,
            "min": 0.0048285689492,
            "max": 0.004997946115999999,
            "count": 82
        },
        "Ship.Losses.CuriosityForwardLoss.mean": {
            "value": 0.005323733109980822,
            "min": 0.004793585526446501,
            "max": 0.6639116202791532,
            "count": 82
        },
        "Ship.Losses.CuriosityInverseLoss.mean": {
            "value": 1.8843135595321656,
            "min": 1.8455488562583924,
            "max": 2.7405707041422525,
            "count": 82
        }
    },
    "metadata": {
        "timer_format_version": "0.1.0",
        "start_time_seconds": "1609268439",
        "python_version": "3.8.0 (tags/v3.8.0:fa919fd, Oct 14 2019, 19:37:50) [MSC v.1916 64 bit (AMD64)]",
        "command_line_arguments": "C:\\Users\\diogo\\AppData\\Local\\Programs\\Python\\Python38\\Scripts\\mlagents-learn ./config/ppo/Asteroids.yaml --run-id=MoveNShoot_v6_longsensors",
        "mlagents_version": "0.23.0",
        "mlagents_envs_version": "0.23.0",
        "communication_protocol_version": "1.3.0",
        "pytorch_version": "1.7.1+cpu",
        "numpy_version": "1.18.5",
        "end_time_seconds": "1609281847"
    },
    "total": 13407.973559,
    "count": 1,
    "self": 0.013028499999563792,
    "children": {
        "run_training.setup": {
            "total": 0.011484099999999886,
            "count": 1,
            "self": 0.011484099999999886
        },
        "TrainerController.start_learning": {
            "total": 13407.949046400001,
            "count": 1,
            "self": 2.436083000009603,
            "children": {
                "TrainerController._reset_env": {
                    "total": 9.1519328,
                    "count": 1,
                    "self": 9.1519328
                },
                "TrainerController.advance": {
                    "total": 13396.198953199992,
                    "count": 86841,
                    "self": 1.251586499858604,
                    "children": {
                        "env_step": {
                            "total": 13394.947366700133,
                            "count": 86841,
                            "self": 12906.4307612001,
                            "children": {
                                "SubprocessEnvManager._take_step": {
                                    "total": 486.9893625000094,
                                    "count": 86841,
                                    "self": 8.157283000283883,
                                    "children": {
                                        "TorchPolicy.evaluate": {
                                            "total": 478.8320794997255,
                                            "count": 86841,
                                            "self": 76.68712139982654,
                                            "children": {
                                                "TorchPolicy.sample_actions": {
                                                    "total": 402.144958099899,
                                                    "count": 86841,
                                                    "self": 402.144958099899
                                                }
                                            }
                                        }
                                    }
                                },
                                "workers": {
                                    "total": 1.5272430000232902,
                                    "count": 86840,
                                    "self": 0.0,
                                    "children": {
                                        "worker_root": {
                                            "total": 13394.61239399997,
                                            "count": 86840,
                                            "is_parallel": true,
                                            "self": 708.8373627997735,
                                            "children": {
                                                "steps_from_proto": {
                                                    "total": 0.004784700000000086,
                                                    "count": 1,
                                                    "is_parallel": true,
                                                    "self": 0.000325099999999523,
                                                    "children": {
                                                        "_process_vector_observation": {
                                                            "total": 0.004459600000000563,
                                                            "count": 10,
                                                            "is_parallel": true,
                                                            "self": 0.004459600000000563
                                                        }
                                                    }
                                                },
                                                "UnityEnvironment.step": {
                                                    "total": 12685.770246500197,