{
    "name": "root",
    "gauges": {
        "Ship.Policy.Entropy.mean": {
            "value": 1.33733332157135,
            "min": 1.33733332157135,
            "max": 1.4417649507522583,
            "count": 24
        },
        "Ship.Policy.ExtrinsicValueEstimate.mean": {
            "value": -0.028148317709565163,
            "min": -0.05506139621138573,
            "max": 0.05527403950691223,
            "count": 24
        },
        "Ship.IsTraining.mean": {
            "value": 1.0,
            "min": 1.0,
            "max": 1.0,
            "count": 24
        },
        "Ship.Environment.EpisodeLength.mean": {
            "value": 1148.9615384615386,
            "min": 397.3,
            "max": 1398.2941176470588,
            "count": 23
        },
        "Ship.Game.Score.mean": {
            "value": 16.46153846153846,
            "min": 5.866666666666666,
            "max": 41.857142857142854,
            "count": 23
        },
        "Ship.Game.Wave.mean": {
            "value": 5.115384615384615,
            "min": 2.466666666666667,
            "max": 11.464285714285714,
            "count": 23
        },
        "Ship.Environment.CumulativeReward.mean": {
            "value": -0.3826537917439754,
            "min": -0.7570000137202442,
            "max": 0.4867001014451186,
            "count": 23
        },
        "Ship.Policy.ExtrinsicReward.mean": {
            "value": -0.3826537917439754,
            "min": -0.7570000137202442,
            "max": 0.4867001014451186,
            "count": 23
        },
        "Ship.Losses.PolicyLoss.mean": {
            "value": 0.020613418483602194,
            "min": 0.01937096011727893,
            "max": 0.027382819794487055,
            "count": 23
        },
        "Ship.Losses.ValueLoss.mean": {
            "value": 0.0016733891893333445,
            "min": 0.0016148458933457732,
            "max": 0.006359270866960287,
            "count": 23
        },
        "Ship.Policy.LearningRate.mean": {
            "value": 0.00028417595627468293,
            "min": 0.00028417595627468293,
            "max": 0.0002874614711795109,
            "count": 23
        },
        "Ship.Policy.Epsilon.mean": {
            "value": 0.19472531699999995,
            "min": 0.19472531699999995,
            "max": 0.1958204890000001,
            "count": 23
        },
        "Ship.Policy.Beta.mean": {
            "value": 0.0009477806383,
            "min": 0.0009477806383,
            "max": 0.0009586228410999999,
            "count": 23
        }
    },
    "metadata": {
        "timer_format_version": "0.1.0",
        "start_time_seconds": "1609803475",
        "python_version": "3.8.0 (tags/v3.8.0:fa919fd, Oct 14 2019, 19:37:50) [MSC v.1916 64 bit (AMD64)]",
        "command_line_arguments": "C:\\Users\\diogo\\AppData\\Local\\Programs\\Python\\Python38\\Scripts\\mlagents-learn ./config/ppo/Asteroids.yaml --run-id=1_MoveNShoot_AsteroidsGoingToPlayer --resume",
        "mlagents_version": "0.23.0",
        "mlagents_envs_version": "0.23.0",
        "communication_protocol_version": "1.3.0",
        "pytorch_version": "1.7.1+cpu",
        "numpy_version": "1.18.5",
        "end_time_seconds": "1609805938"
    },
    "total": 2462.3546186,
    "count": 1,
    "self": 0.012206599999899481,
    "children": {
        "run_training.setup": {
            "total": 0.014330399999999965,
            "count": 1,
            "self": 0.014330399999999965
        },
        "TrainerController.start_learning": {
            "total": 2462.3280816,
            "count": 1,
            "self": 0.7678936000338581,
            "children": {
                "TrainerController._reset_env": {
                    "total": 10.4029081,
                    "count": 1,
                    "self": 10.4029081
                },
                "TrainerController.advance": {
                    "total": 2450.9824594999664,
                    "count": 23765,
                    "self": 0.3651671000056922,
                    "children": {
                        "env_step": {
                            "total": 2450.6172923999607,
                            "count": 23765,
                            "self": 2311.9940445999655,
                            "children": {
                                "SubprocessEnvManager._take_step": {
                                    "total": 138.17263379999252,
                                    "count": 23765,
                                    "self": 2.206925299999881,
                                    "children": {
                                        "TorchPolicy.evaluate": {
                                            "total": 135.96570849999264,
                                            "count": 23765,
                                            "self": 24.129015900001235,
                                            "children": {
                                                "TorchPolicy.sample_actions": {
                                                    "total": 111.83669259999141,
                                                    "count": 23765,
                                                    "self": 111.83669259999141
                                                }
                                            }
                                        }
                                    }
                                },
                                "workers": {
                                    "total": 0.4506140000026342,
                                    "count": 23764,
                                    "self": 0.0,
                                    "children": {
                                        "worker_root": {
                                            "total": 2450.675504900012,
                                            "count": 23764,
                                            "is_parallel": true,
                                            "self": 204.640349899998,
                                            "children": {
                                                "steps_from_proto": {
                                                    "total": 0.0028653999999992408,
                                                    "count": 1,
                                                    "is_parallel": true,
                                                    "self": 0.00026990000000282066,
                                                    "children": {
                                                        "_process_vector_observation": {
                                                            "total": 0.00259549999999642,
                                                            "count": 6,
                                                            "is_parallel": true,
                                                            "self": 0.00259549999999642
                                                        }
                                                    }
                                                },
                                                "UnityEnvironment.step": {
                                                    "total": 2246.0322896000143,
                                                    "count": 23764,
                                                    "is_parallel": true,
                                                    "self": 6.53833439997743,
                                                    "children": {
                                                        "UnityEnvironment._generate_step_input": {
                                                            "total": 52.068040799996766,
                                                            "count": 23764,
                                                            "is_parallel": true,