{
    "name": "root",
    "gauges": {
        "Ship.Policy.Entropy.mean": {
            "value": 1.5993525981903076,
            "min": 1.5621776580810547,
            "max": 2.1212644577026367,
            "count": 135
        },
        "Ship.Environment.EpisodeLength.mean": {
            "value": 116.6,
            "min": 100.79797979797979,
            "max": 1724.5625,
            "count": 134
        },
        "Ship.Game.Score.mean": {
            "value": 309.49411764705883,
            "min": 1.4761904761904763,
            "max": 309.49411764705883,
            "count": 134
        },
        "Ship.Game.Wave.mean": {
            "value": 310.49411764705883,
            "min": 2.4761904761904763,
            "max": 310.49411764705883,
            "count": 134
        },
        "Ship.Policy.ExtrinsicValueEstimate.mean": {
            "value": 0.32681769132614136,
            "min": -0.5837052464485168,
            "max": 0.4000996947288513,
            "count": 135
        },
        "Ship.Policy.CuriosityValueEstimate.mean": {
            "value": 0.03723006322979927,
            "min": -0.09673091024160385,
            "max": 0.10130085051059723,
            "count": 135
        },
        "Ship.Environment.CumulativeReward.mean": {
            "value": 0.29658832409802605,
            "min": -11.802811235189438,
            "max": 0.3684849296555375,
            "count": 134
        },
        "Ship.Policy.ExtrinsicReward.mean": {
            "value": 0.29658832409802605,
            "min": -11.802811235189438,
            "max": 0.3684849296555375,
            "count": 134
        },
        "Ship.Policy.CuriosityReward.mean": {
            "value": 0.035749245807528494,
            "min": 0.028653555032279756,
            "max": 2.1443586940211907,
            "count": 134
        },
        "Ship.Losses.PolicyLoss.mean": {
            "value": 0.021961042017210275,
            "min": 0.010140948750631651,
            "max": 0.03442459421542784,
            "count": 135
        },
        "Ship.Losses.ValueLoss.mean": {
            "value": 0.004884447266037265,
            "min": 0.0022676010120280636,
            "max": 0.018299979623407125,
            "count": 135
        },
        "Ship.Policy.LearningRate.mean": {
            "value": 0.0002919288890903712,
            "min": 0.0002919288890903712,
            "max": 0.000299978982007006,
            "count": 135
        },
        "Ship.Policy.Epsilon.mean": {
            "value": 0.19730962880000003,
            "min": 0.19730962880000003,
            "max": 0.19999299400000004,
            "count": 135
        },
        "Ship.Policy.Beta.mean": {
            "value": 0.00486575047712,
            "min": 0.00486575047712,
            "max": 0.004999650400600001,
            "count": 135
        },
        "Ship.Losses.CuriosityForwardLoss.mean": {
            "value": 0.03198654713730017,
            "min": 0.01366693010398497,
            "max": 0.7954913228750229,
            "count": 135
        },
        "Ship.Losses.CuriosityInverseLoss.mean": {
            "value": 0.9876619676748912,
            "min": 0.9787941227356592,
            "max": 1.7418681868800412,
            "count": 135
        },
        "Ship.IsTraining.mean": {
            "value": 1.0,
            "min": 1.0,
            "max": 1.0,
            "count": 135
        }
    },
    "metadata": {
        "timer_format_version": "0.1.0",
        "start_time_seconds": "1609111245",
        "python_version": "3.8.0 (tags/v3.8.0:fa919fd, Oct 14 2019, 19:37:50) [MSC v.1916 64 bit (AMD64)]",
        "command_line_arguments": "C:\\Users\\diogo\\AppData\\Local\\Programs\\Python\\Python38\\Scripts\\mlagents-learn ./config/ppo/Asteroids.yaml --run-id=ShootNRotate_v6",
        "mlagents_version": "0.23.0",
        "mlagents_envs_version": "0.23.0",
        "communication_protocol_version": "1.3.0",
        "pytorch_version": "1.7.1+cpu",
        "numpy_version": "1.18.5",
        "end_time_seconds": "1609118822"
    },
    "total": 7576.9189131,
    "count": 1,
    "self": 0.010569200000645651,
    "children": {
        "run_training.setup": {
            "total": 0.011597899999999939,
            "count": 1,
            "self": 0.011597899999999939
        },
        "TrainerController.start_learning": {
            "total": 7576.896745999999,
            "count": 1,
            "self": 1.7438358000090375,
            "children": {
                "TrainerController._reset_env": {
                    "total": 18.0208178,
                    "count": 1,
                    "self": 18.0208178
                },
                "TrainerController.advance": {
                    "total": 7556.93988829999,
                    "count": 56343,
                    "self": 0.8535027999450904,
                    "children": {
                        "env_step": {
                            "total": 7556.086385500045,
                            "count": 56343,
                            "self": 7307.259377300101,
                            "children": {
                                "SubprocessEnvManager._take_step": {
                                    "total": 247.7931461999837,
                                    "count": 56343,
                                    "self": 4.893987199986128,
                                    "children": {
                                        "TorchPolicy.evaluate": {
                                            "total": 242.89915899999758,
                                            "count": 56343,
                                            "self": 61.6044965999956,
                                            "children": {
                                                "TorchPolicy.sample_actions": {
                                                    "total": 181.29466240000198,
                                                    "count": 56343,
                                                    "self": 181.29466240000198
                                                }
                                            }
                                        }
                                    }
                                },
                                "workers": {
                                    "total": 1.0338619999606138,
                                    "count": 56342,
                                    "self": 0.0,
                                    "children": {
                                        "worker_root": {
                                            "total": 7556.089311899938,
                                            "count": 56342,
                                            "is_parallel": true,
                                            "self": 459.79176989995176,
                                            "children": {
                                                "steps_from_proto": {
                                                    "total": 0.004144399999997717,
                                                    "count": 1,
                                                    "is_parallel": true,
                                                    "self": 0.0003661999999948762,
                                                    "children": {
                                                        "_process_vector_observation": {
                                                            "total": 0.0037782000000028404,
                                                            "count": 8,
                                                            "is_parallel": true,
                                                            "self": 0.0037782000000028404
                                                        }
                                                    }
                                                },