{"cameraMode":{"drawMode":0,"name":"Shaded","section":"Shading Mode"},"sceneLighting":false,"audioPlay":false,"sceneViewState":{"showFog":true,"showMaterialUpdate":false,"showSkybox":false,"showFlares":true,"showImageEffects":true,"showParticleSystems":true},"in2DMode":false,"pivot":{"x":0.0,"y":0.5519240498542786,"z":0.0000011324882507324219},"rotation":{"x":0.1227884590625763,"y":-0.8505788445472717,"z":0.4575331211090088,"w":0.22828590869903565},"size":1.1534464359283448,"orthographic":false}