{
    "name": "root",
    "gauges": {
        "Ship.Policy.Entropy.mean": {
            "value": 0.6923379302024841,
            "min": 0.6715044975280762,
            "max": 0.6928683519363403,
            "count": 10
        },
        "Ship.Environment.EpisodeLength.mean": {
            "value": 40.08545603944125,
            "min": 40.035274815422476,
            "max": 40.47346600331675,
            "count": 10
        },
        "Ship.Game.Score.mean": {
            "value": 461.9605587510271,
            "min": 24.881870385561935,
            "max": 461.9605587510271,
            "count": 10
        },
        "Ship.Game.Wave.mean": {
            "value": 462.9605587510271,
            "min": 25.881870385561935,
            "max": 462.9605587510271,
            "count": 10
        },
        "Ship.Policy.ExtrinsicValueEstimate.mean": {
            "value": 0.07848019897937775,
            "min": 0.07676742225885391,
            "max": 0.0855179876089096,
            "count": 10
        },
        "Ship.Environment.CumulativeReward.mean": {
            "value": 0.10000000149011612,
            "min": 0.10000000149011612,
            "max": 0.10000000149011612,
            "count": 10
        },
        "Ship.Policy.ExtrinsicReward.mean": {
            "value": 0.10000000149011612,
            "min": 0.10000000149011612,
            "max": 0.10000000149011612,
            "count": 10
        },
        "Ship.Losses.PolicyLoss.mean": {
            "value": 0.023442167898950476,
            "min": 0.021566650569438937,
            "max": 0.02690960507413062,
            "count": 10
        },
        "Ship.Losses.ValueLoss.mean": {
            "value": 8.201292982751815e-05,
            "min": 8.136431638073798e-05,
            "max": 0.00036949490437147386,
            "count": 10
        },
        "Ship.Policy.LearningRate.mean": {
            "value": 1.6238614587159996e-05,
            "min": 1.6238614587159996e-05,
            "max": 0.00028453815515395,
            "count": 10
        },
        "Ship.Policy.Epsilon.mean": {
            "value": 0.10541284000000002,
            "min": 0.10541284000000002,
            "max": 0.19484605000000005,
            "count": 10
        },
        "Ship.Policy.Beta.mean": {
            "value": 0.000280100716,
            "min": 0.000280100716,
            "max": 0.004742817894999999,
            "count": 10
        },
        "Ship.IsTraining.mean": {
            "value": 1.0,
            "min": 1.0,
            "max": 1.0,
            "count": 10
        }
    },
    "metadata": {
        "timer_format_version": "0.1.0",
        "start_time_seconds": "1609017876",
        "python_version": "3.8.0 (tags/v3.8.0:fa919fd, Oct 14 2019, 19:37:50) [MSC v.1916 64 bit (AMD64)]",
        "command_line_arguments": "C:\\Users\\diogo\\AppData\\Local\\Programs\\Python\\Python38\\Scripts\\mlagents-learn ./config/ppo/Asteroids.yaml --run-id=JustShooting",
        "mlagents_version": "0.23.0",
        "mlagents_envs_version": "0.23.0",
        "communication_protocol_version": "1.3.0",
        "pytorch_version": "1.7.1+cpu",
        "numpy_version": "1.18.5",
        "end_time_seconds": "1609018700"
    },
    "total": 823.7143353,
    "count": 1,
    "self": 0.01066300000013598,
    "children": {
        "run_training.setup": {
            "total": 0.010981200000000024,
            "count": 1,
            "self": 0.010981200000000024
        },
        "TrainerController.start_learning": {
            "total": 823.6926910999999,
            "count": 1,
            "self": 0.7395214000044916,
            "children": {
                "TrainerController._reset_env": {
                    "total": 15.5534352,
                    "count": 1,
                    "self": 15.5534352
                },
                "TrainerController.advance": {
                    "total": 807.3086146999954,
                    "count": 20024,
                    "self": 0.4130252999889308,
                    "children": {
                        "env_step": {
                            "total": 806.8955894000064,
                            "count": 20024,
                            "self": 690.6673120000146,
                            "children": {
                                "SubprocessEnvManager._take_step": {
                                    "total": 115.76431389999804,
                                    "count": 20024,
                                    "self": 2.1387921000047783,
                                    "children": {
                                        "TorchPolicy.evaluate": {
                                            "total": 113.62552179999327,
                                            "count": 20024,
                                            "self": 27.057907599991424,
                                            "children": {
                                                "TorchPolicy.sample_actions": {
                                                    "total": 86.56761420000184,
                                                    "count": 20024,
                                                    "self": 86.56761420000184
                                                }
                                            }
                                        }
                                    }
                                },
                                "workers": {
                                    "total": 0.4639634999938238,
                                    "count": 20024,
                                    "self": 0.0,
                                    "children": {
                                        "worker_root": {
                                            "total": 807.2570709999987,
                                            "count": 20024,
                                            "is_parallel": true,
                                            "self": 192.54036239999812,
                                            "children": {
                                                "steps_from_proto": {
                                                    "total": 0.000864299999999929,
                                                    "count": 1,
                                                    "is_parallel": true,
                                                    "self": 0.0005008000000010782,
                                                    "children": {
                                                        "_process_vector_observation": {
                                                            "total": 0.00036349999999885085,
                                                            "count": 2,
                                                            "is_parallel": true,
                                                            "self": 0.00036349999999885085
                                                        }
                                                    }
                                                },
                                                "UnityEnvironment.step": {
                                                    "total": 614.7158443000006,
                                                    "count": 20024,
                                                    "is_parallel": true,
                                                    "self": 4.063384600010295,
                                                    "children": {
                                                        "UnityEnvironment._generate_step_input": {
                                                            "total": 47.41363029999874,
                                                            "count": 20024,
                                                            "is_parallel": true,
                                                            "self": 47.41363029999874
                                                        },