{
    "name": "root",
    "gauges": {
        "Ship.Policy.Entropy.mean": {
            "value": 1.4822105169296265,
            "min": 1.4626275300979614,
            "max": 1.4945313930511475,
            "count": 36
        },
        "Ship.Environment.LessonNumber.UnbreakableAsteroids.mean": {
            "value": 0.0,
            "min": 0.0,
            "max": 0.0,
            "count": 36
        },
        "Ship.Environment.LessonNumber.UFOs.mean": {
            "value": 1.0,
            "min": 1.0,
            "max": 1.0,
            "count": 36
        },
        "Ship.Environment.LessonNumber.BigAsteroids.mean": {
            "value": 0.0,
            "min": 0.0,
            "max": 0.0,
            "count": 36
        },
        "Ship.Environment.EpisodeLength.mean": {
            "value": 1295.1666666666667,
            "min": 555.5,
            "max": 2808.0,
            "count": 36
        },
        "Ship.Game.Score.mean": {
            "value": 1.8461538461538463,
            "min": 0.75,
            "max": 3.8,
            "count": 36
        },
        "Ship.Game.Wave.mean": {
            "value": 1.6923076923076923,
            "min": 1.125,
            "max": 2.8666666666666667,
            "count": 36
        },
        "Ship.Policy.ExtrinsicValueEstimate.mean": {
            "value": -0.030101560056209564,
            "min": -0.04077987000346184,
            "max": 0.023661477491259575,
            "count": 36
        },
        "Ship.Environment.CumulativeReward.mean": {
            "value": -0.6036932387699684,
            "min": -1.0240799326981818,
            "max": 0.17021878957748413,
            "count": 36
        },
        "Ship.Policy.ExtrinsicReward.mean": {
            "value": -0.6036932387699684,
            "min": -1.0240799326981818,
            "max": 0.17021878957748413,
            "count": 36
        },
        "Ship.IsTraining.mean": {
            "value": 1.0,
            "min": 1.0,
            "max": 1.0,
            "count": 36
        },
        "Ship.Losses.PolicyLoss.mean": {
            "value": 0.014987790561766209,
            "min": 0.012093903444959626,
            "max": 0.022400015821525208,
            "count": 35
        },
        "Ship.Losses.ValueLoss.mean": {
            "value": 0.0036938082271565993,
            "min": 0.0015171416433683285,
            "max": 0.005703369070154925,
            "count": 35
        },
        "Ship.Policy.LearningRate.mean": {
            "value": 9.143389256611605e-05,
            "min": 9.143389256611605e-05,
            "max": 9.314360485640201e-05,
            "count": 35
        },
        "Ship.Policy.Epsilon.mean": {
            "value": 0.19143388400000003,
            "min": 0.19143388400000003,
            "max": 0.19314359800000003,
            "count": 35
        },
        "Ship.Policy.Beta.mean": {
            "value": 0.0045725508116,
            "min": 0.0045725508116,
            "max": 0.0046578655402,
            "count": 35
        }
    },
    "metadata": {
        "timer_format_version": "0.1.0",
        "start_time_seconds": "1610571992",
        "python_version": "3.8.0 (tags/v3.8.0:fa919fd, Oct 14 2019, 19:37:50) [MSC v.1916 64 bit (AMD64)]",
        "command_line_arguments": "C:\\Users\\diogo\\AppData\\Local\\Programs\\Python\\Python38\\Scripts\\mlagents-learn ./config/ppo/Asteroids.yaml --run-id=22_MoveNShoot_DifferentCurriculum_RewardOnWaveComplete_NumberOfAsteroidsInfo_LessTimePenalty --resume",
        "mlagents_version": "0.23.0",
        "mlagents_envs_version": "0.23.0",
        "communication_protocol_version": "1.3.0",
        "pytorch_version": "1.7.1+cpu",
        "numpy_version": "1.18.5",
        "end_time_seconds": "1610576309"
    },
    "total": 4317.4846959999995,
    "count": 1,
    "self": 0.023589699999320146,
    "children": {
        "run_training.setup": {
            "total": 0.05106630000000001,
            "count": 1,
            "self": 0.05106630000000001
        },
        "TrainerController.start_learning": {
            "total": 4317.410040000001,
            "count": 1,
            "self": 5.675332799979515,
            "children": {
                "TrainerController._reset_env": {
                    "total": 15.571269599999999,
                    "count": 1,
                    "self": 15.571269599999999
                },
                "TrainerController.advance": {
                    "total": 4295.62442980002,
                    "count": 37053,
                    "self": 1.6415814000229147,
                    "children": {
                        "env_step": {
                            "total": 4293.982848399997,
                            "count": 37053,
                            "self": 4029.1920804000383,
                            "children": {
                                "SubprocessEnvManager._take_step": {
                                    "total": 263.99295369999095,
                                    "count": 37053,
                                    "self": 4.152487700001586,
                                    "children": {
                                        "TorchPolicy.evaluate": {
                                            "total": 259.84046599998936,
                                            "count": 37053,
                                            "self": 38.3220552999727,
                                            "children": {
                                                "TorchPolicy.sample_actions": {
                                                    "total": 221.51841070001666,
                                                    "count": 37053,
                                                    "self": 221.51841070001666
                                                }
                                            }
                                        }
                                    }
                                },
                                "workers": {
                                    "total": 0.7978142999681701,
                                    "count": 37052,
                                    "self": 0.0,
                                    "children": {
                                        "worker_root": {
                                            "total": 4299.40799150004,
                                            "count": 37052,
                                            "is_parallel": true,
                                            "self": 385.9587617000707,
                                            "children": {
                                                "steps_from_proto": {
                                                    "total": 0.002504300000000015,
                                                    "count": 1,
                                                    "is_parallel": true,
                                                    "self": 0.0002675000000014194,
                                                    "children": {
                                                        "_process_vector_observation": {
                                                            "total": 0.0022367999999985955,
                                                            "count": 6,
                                                            "is_parallel": true,
                                                            "self": 0.0022367999999985955
                                                        }
                                                    }
                                                },
                                                "UnityEnvironment.step": {
                                                    "total": 3913.4467254999695,
                                                    "count": 37052,
                                                    "is_parallel": true,
                                                    "self": 11.136342799925842,