{
    "name": "root",
    "gauges": {
        "Ship.Policy.Entropy.mean": {
            "value": 1.366339921951294,
            "min": 1.365461826324463,
            "max": 1.384263038635254,
            "count": 51
        },
        "Ship.Policy.ExtrinsicValueEstimate.mean": {
            "value": -0.1330350786447525,
            "min": -0.15997818112373352,
            "max": -0.12193364650011063,
            "count": 51
        },
        "Ship.IsTraining.mean": {
            "value": 1.0,
            "min": 1.0,
            "max": 1.0,
            "count": 51
        },
        "Ship.Losses.PolicyLoss.mean": {
            "value": 0.014723718004582527,
            "min": 0.010516678615628432,
            "max": 0.020420494970555106,
            "count": 50
        },
        "Ship.Losses.ValueLoss.mean": {
            "value": 0.004583826738720139,
            "min": 0.0022801549018671113,
            "max": 0.005675053914698461,
            "count": 50
        },
        "Ship.Policy.LearningRate.mean": {
            "value": 0.0002794012388662559,
            "min": 0.0002794012388662559,
            "max": 0.00028668277043907806,
            "count": 50
        },
        "Ship.Policy.Epsilon.mean": {
            "value": 0.19313374399999994,
            "min": 0.19313374399999994,
            "max": 0.19556092200000005,
            "count": 50
        },
        "Ship.Policy.Beta.mean": {
            "value": 0.0009320240656000002,
            "min": 0.0009320240656000002,
            "max": 0.0009560531278000004,
            "count": 50
        },
        "Ship.Environment.EpisodeLength.mean": {
            "value": 2465.0,
            "min": 2456.0,
            "max": 39249.0,
            "count": 32
        },
        "Ship.Game.Score.mean": {
            "value": 18.0,
            "min": 6.0,
            "max": 18.0,
            "count": 32
        },
        "Ship.Game.Wave.mean": {
            "value": 4.0,
            "min": 2.0,
            "max": 4.0,
            "count": 32
        },
        "Ship.Environment.CumulativeReward.mean": {
            "value": -1.4659996405243874,
            "min": -57.31667175143957,
            "max": -1.4659996405243874,
            "count": 32
        },
        "Ship.Policy.ExtrinsicReward.mean": {
            "value": -1.4659996405243874,
            "min": -57.31667175143957,
            "max": -1.4659996405243874,
            "count": 32
        }
    },
    "metadata": {
        "timer_format_version": "0.1.0",
        "start_time_seconds": "1609851955",
        "python_version": "3.8.0 (tags/v3.8.0:fa919fd, Oct 14 2019, 19:37:50) [MSC v.1916 64 bit (AMD64)]",
        "command_line_arguments": "C:\\Users\\diogo\\AppData\\Local\\Programs\\Python\\Python38\\Scripts\\mlagents-learn ./config/ppo/Asteroids.yaml --run-id=3_MoveNShoot_6RandomMovingAsteroids --resume",
        "mlagents_version": "0.23.0",
        "mlagents_envs_version": "0.23.0",
        "communication_protocol_version": "1.3.0",
        "pytorch_version": "1.7.1+cpu",
        "numpy_version": "1.18.5",
        "end_time_seconds": "1609857107"
    },
    "total": 5152.208879,
    "count": 1,
    "self": 0.011044899999433255,
    "children": {
        "run_training.setup": {
            "total": 0.01705929999999989,
            "count": 1,
            "self": 0.01705929999999989
        },
        "TrainerController.start_learning": {
            "total": 5152.1807748,
            "count": 1,
            "self": 1.6881724999930157,
            "children": {
                "TrainerController._reset_env": {
                    "total": 5.1858755,
                    "count": 1,
                    "self": 5.1858755
                },
                "TrainerController.advance": {
                    "total": 5145.136606600006,
                    "count": 50353,
                    "self": 0.8242836999806968,
                    "children": {
                        "env_step": {
                            "total": 5144.312322900026,
                            "count": 50353,
                            "self": 4879.818341799988,
                            "children": {
                                "SubprocessEnvManager._take_step": {
                                    "total": 263.5276830001118,
                                    "count": 50353,
                                    "self": 4.824948100107633,
                                    "children": {
                                        "TorchPolicy.evaluate": {
                                            "total": 258.70273490000415,
                                            "count": 50353,
                                            "self": 55.240494500045486,
                                            "children": {
                                                "TorchPolicy.sample_actions": {
                                                    "total": 203.46224039995866,
                                                    "count": 50353,
                                                    "self": 203.46224039995866
                                                }
                                            }
                                        }
                                    }
                                },
                                "workers": {
                                    "total": 0.9662980999255062,
                                    "count": 50352,
                                    "self": 0.0,
                                    "children": {
                                        "worker_root": {
                                            "total": 5144.404676900023,
                                            "count": 50352,
                                            "is_parallel": true,
                                            "self": 410.2423906001077,
                                            "children": {
                                                "steps_from_proto": {
                                                    "total": 0.002401900000000623,
                                                    "count": 1,
                                                    "is_parallel": true,
                                                    "self": 0.0002505000000017077,
                                                    "children": {
                                                        "_process_vector_observation": {
                                                            "total": 0.0021513999999989153,
                                                            "count": 6,
                                                            "is_parallel": true,
                                                            "self": 0.0021513999999989153
                                                        }
                                                    }
                                                },
                                                "UnityEnvironment.step": {
                                                    "total": 4734.159884399915,
                                                    "count": 50352,
                                                    "is_parallel": true,
                                                    "self": 14.455114299908018,
                                                    "children": {
                                                        "UnityEnvironment._generate_step_input": {
                                                            "total": 108.1537154000707,
                                                            "count": 50352,
                                                            "is_parallel": true,
                                                            "self": 108.1537154000707
                                                        },