{
    "name": "root",
    "gauges": {
        "Ship.Policy.Entropy.mean": {
            "value": 1.565186619758606,
            "min": 1.565186619758606,
            "max": 2.1255996227264404,
            "count": 69
        },
        "Ship.Environment.EpisodeLength.mean": {
            "value": 130.0,
            "min": 101.0,
            "max": 12018.0,
            "count": 53
        },
        "Ship.Game.Score.mean": {
            "value": 25.0,
            "min": 1.0,
            "max": 25.0,
            "count": 53
        },
        "Ship.Game.Wave.mean": {
            "value": 26.0,
            "min": 2.0,
            "max": 26.0,
            "count": 53
        },
        "Ship.Policy.ExtrinsicValueEstimate.mean": {
            "value": -0.13125914335250854,
            "min": -0.25239935517311096,
            "max": 0.15729780495166779,
            "count": 69
        },
        "Ship.Policy.CuriosityValueEstimate.mean": {
            "value": 0.01683526113629341,
            "min": -0.07406672835350037,
            "max": 0.04654073342680931,
            "count": 69
        },
        "Ship.Environment.CumulativeReward.mean": {
            "value": 0.7869000434875488,
            "min": -29.40190279483795,
            "max": 0.889799952507019,
            "count": 53
        },
        "Ship.Policy.ExtrinsicReward.mean": {
            "value": 0.7869000434875488,
            "min": -29.40190279483795,
            "max": 0.889799952507019,
            "count": 53
        },
        "Ship.Policy.CuriosityReward.mean": {
            "value": 0.07572481036186218,
            "min": 0.04638449847698212,
            "max": 9.093114591669291,
            "count": 53
        },
        "Ship.Losses.PolicyLoss.mean": {
            "value": 0.0189502239615346,
            "min": 0.012490265714910088,
            "max": 0.02880468312650919,
            "count": 69
        },
        "Ship.Losses.ValueLoss.mean": {
            "value": 0.00020588187665756172,
            "min": 0.00020036639337680146,
            "max": 0.04276074841618538,
            "count": 69
        },
        "Ship.Policy.LearningRate.mean": {
            "value": 0.00029589499936833396,
            "min": 0.00029589499936833396,
            "max": 0.000299987346004218,
            "count": 69
        },
        "Ship.Policy.Epsilon.mean": {
            "value": 0.198631666,
            "min": 0.198631666,
            "max": 0.199995782,
            "count": 69
        },
        "Ship.Policy.Beta.mean": {
            "value": 0.0049317201334,
            "min": 0.0049317201334,
            "max": 0.0049997895218,
            "count": 69
        },
        "Ship.Losses.CuriosityForwardLoss.mean": {
            "value": 0.01726399450045493,
            "min": 0.00821121730324295,
            "max": 1.6141954958438873,
            "count": 69
        },
        "Ship.Losses.CuriosityInverseLoss.mean": {
            "value": 1.2448591325018141,
            "min": 1.2447914547390406,
            "max": 1.7800288299719493,
            "count": 69
        },
        "Ship.IsTraining.mean": {
            "value": 1.0,
            "min": 1.0,
            "max": 1.0,
            "count": 69
        }
    },
    "metadata": {
        "timer_format_version": "0.1.0",
        "start_time_seconds": "1609163455",
        "python_version": "3.8.0 (tags/v3.8.0:fa919fd, Oct 14 2019, 19:37:50) [MSC v.1916 64 bit (AMD64)]",
        "command_line_arguments": "C:\\Users\\diogo\\AppData\\Local\\Programs\\Python\\Python38\\Scripts\\mlagents-learn ./config/ppo/Asteroids.yaml --run-id=ShootNRotate_v8",
        "mlagents_version": "0.23.0",
        "mlagents_envs_version": "0.23.0",
        "communication_protocol_version": "1.3.0",
        "pytorch_version": "1.7.1+cpu",
        "numpy_version": "1.18.5",
        "end_time_seconds": "1609168318"
    },
    "total": 4863.4528793,
    "count": 1,
    "self": 0.022584000000279048,
    "children": {
        "run_training.setup": {
            "total": 0.011847799999999964,
            "count": 1,
            "self": 0.011847799999999964
        },
        "TrainerController.start_learning": {
            "total": 4863.418447499999,
            "count": 1,
            "self": 0.8230844999297915,
            "children": {
                "TrainerController._reset_env": {
                    "total": 29.006723700000002,
                    "count": 1,
                    "self": 29.006723700000002
                },
                "TrainerController.advance": {
                    "total": 4833.40682270007,
                    "count": 28355,
                    "self": 0.4234009000711012,
                    "children": {
                        "env_step": {
                            "total": 4832.983421799999,
                            "count": 28355,
                            "self": 4721.155562600009,
                            "children": {
                                "SubprocessEnvManager._take_step": {
                                    "total": 111.32437460001364,
                                    "count": 28355,
                                    "self": 2.4259372000289545,
                                    "children": {
                                        "TorchPolicy.evaluate": {
                                            "total": 108.89843739998469,
                                            "count": 28355,
                                            "self": 21.026852500024575,
                                            "children": {
                                                "TorchPolicy.sample_actions": {
                                                    "total": 87.87158489996011,
                                                    "count": 28355,
                                                    "self": 87.87158489996011
                                                }
                                            }
                                        }
                                    }
                                },
                                "workers": {
                                    "total": 0.5034845999763391,
                                    "count": 28354,
                                    "self": 0.0,
                                    "children": {
                                        "worker_root": {
                                            "total": 4832.858122099998,
                                            "count": 28354,
                                            "is_parallel": true,
                                            "self": 206.46213260000695,
                                            "children": {
                                                "steps_from_proto": {
                                                    "total": 0.005661299999999869,
                                                    "count": 1,
                                                    "is_parallel": true,
                                                    "self": 0.0003134999999936383,
                                                    "children": {
                                                        "_process_vector_observation": {
                                                            "total": 0.005347800000006231,
                                                            "count": 8,
                                                            "is_parallel": true,
                                                            "self": 0.005347800000006231
                                                        }
                                                    }
                                                },
                                                "UnityEnvironment.step": {
                                                    "total": 4626.390328199991,
                                                    "count": 28354,