{
    "name": "root",
    "gauges": {
        "Ship.Policy.Entropy.mean": {
            "value": 1.6886873245239258,
            "min": 1.589371681213379,
            "max": 1.7369321584701538,
            "count": 50
        },
        "Ship.Environment.EpisodeLength.mean": {
            "value": 68.2486187845304,
            "min": 37.294117647058826,
            "max": 74.82043343653251,
            "count": 50
        },
        "Ship.Game.Score.mean": {
            "value": 682.9723756906077,
            "min": 1.0588235294117647,
            "max": 682.9723756906077,
            "count": 50
        },
        "Ship.Game.Wave.mean": {
            "value": 683.9723756906077,
            "min": 2.0588235294117645,
            "max": 683.9723756906077,
            "count": 50
        },
        "Ship.Policy.ExtrinsicValueEstimate.mean": {
            "value": 0.7139577865600586,
            "min": 0.6734742522239685,
            "max": 0.8105605840682983,
            "count": 50
        },
        "Ship.Environment.CumulativeReward.mean": {
            "value": 0.9307955914686398,
            "min": 0.9242043462423348,
            "max": 0.9633125178515911,
            "count": 50
        },
        "Ship.Policy.ExtrinsicReward.mean": {
            "value": 0.9307955914686398,
            "min": 0.9242043462423348,
            "max": 0.9633125178515911,
            "count": 50
        },
        "Ship.IsTraining.mean": {
            "value": 1.0,
            "min": 1.0,
            "max": 1.0,
            "count": 50
        },
        "Ship.Losses.PolicyLoss.mean": {
            "value": 0.03419086909076819,
            "min": 0.02819388673136321,
            "max": 0.04031456412340049,
            "count": 49
        },
        "Ship.Losses.ValueLoss.mean": {
            "value": 0.0011292155308183283,
            "min": 0.000730151855047249,
            "max": 0.0013453905635590975,
            "count": 49
        },
        "Ship.Policy.LearningRate.mean": {
            "value": 0.000283275473574844,
            "min": 0.000283275473574844,
            "max": 0.00029046117317960997,
            "count": 49
        },
        "Ship.Policy.Epsilon.mean": {
            "value": 0.19442515600000002,
            "min": 0.19442515600000002,
            "max": 0.19682039,
            "count": 49
        },
        "Ship.Policy.Beta.mean": {
            "value": 0.009443073084400002,
            "min": 0.009443073084400002,
            "max": 0.009682356960999998,
            "count": 49
        }
    },
    "metadata": {
        "timer_format_version": "0.1.0",
        "start_time_seconds": "1609630633",
        "python_version": "3.8.0 (tags/v3.8.0:fa919fd, Oct 14 2019, 19:37:50) [MSC v.1916 64 bit (AMD64)]",
        "command_line_arguments": "C:\\Users\\diogo\\AppData\\Local\\Programs\\Python\\Python38\\Scripts\\mlagents-learn ./config/ppo/Asteroids.yaml --run-id=4_ShootNRotate_SmallerBeta --resume",
        "mlagents_version": "0.23.0",
        "mlagents_envs_version": "0.23.0",
        "communication_protocol_version": "1.3.0",
        "pytorch_version": "1.7.1+cpu",
        "numpy_version": "1.18.5",
        "end_time_seconds": "1609636379"
    },
    "total": 5745.9909994,
    "count": 1,
    "self": 0.012312299999393872,
    "children": {
        "run_training.setup": {
            "total": 0.04881480000000016,
            "count": 1,
            "self": 0.04881480000000016
        },
        "TrainerController.start_learning": {
            "total": 5745.9298723,
            "count": 1,
            "self": 1.800803299922336,
            "children": {
                "TrainerController._reset_env": {
                    "total": 11.674098700000002,
                    "count": 1,
                    "self": 11.674098700000002
                },
                "TrainerController.advance": {
                    "total": 5732.299689800077,
                    "count": 49799,
                    "self": 0.8365543001209517,
                    "children": {
                        "env_step": {
                            "total": 5731.4631354999565,
                            "count": 49799,
                            "self": 5380.307875700083,
                            "children": {
                                "SubprocessEnvManager._take_step": {
                                    "total": 350.14919529992716,
                                    "count": 49799,
                                    "self": 5.0683054999399815,
                                    "children": {
                                        "TorchPolicy.evaluate": {
                                            "total": 345.0808897999872,
                                            "count": 49799,
                                            "self": 66.2229327000394,
                                            "children": {
                                                "TorchPolicy.sample_actions": {
                                                    "total": 278.8579570999478,
                                                    "count": 49799,
                                                    "self": 278.8579570999478
                                                }
                                            }
                                        }
                                    }
                                },
                                "workers": {
                                    "total": 1.0060644999460369,
                                    "count": 49798,
                                    "self": 0.0,
                                    "children": {
                                        "worker_root": {
                                            "total": 5731.688405400071,
                                            "count": 49798,
                                            "is_parallel": true,
                                            "self": 498.6835608001911,
                                            "children": {
                                                "steps_from_proto": {
                                                    "total": 0.006562599999998753,
                                                    "count": 1,
                                                    "is_parallel": true,
                                                    "self": 0.000932000000000599,
                                                    "children": {
                                                        "_process_vector_observation": {
                                                            "total": 0.005630599999998154,
                                                            "count": 6,
                                                            "is_parallel": true,
                                                            "self": 0.005630599999998154
                                                        }
                                                    }
                                                },
                                                "UnityEnvironment.step": {
                                                    "total": 5232.99828199988,
                                                    "count": 49798,
                                                    "is_parallel": true,
                                                    "self": 15.421021199930692,
                                                    "children": {
                                                        "UnityEnvironment._generate_step_input": {
                                                            "total": 116.20342509999121,
                                                            "count": 49798,
                                                            "is_parallel": true,