{
    "name": "root",
    "gauges": {
        "Ship.Policy.Entropy.mean": {
            "value": 2.1101267337799072,
            "min": 2.1091365814208984,
            "max": 2.1121280193328857,
            "count": 45
        },
        "Ship.Environment.LessonNumber.UnbreakableAsteroids.mean": {
            "value": 0.0,
            "min": 0.0,
            "max": 0.0,
            "count": 45
        },
        "Ship.Environment.LessonNumber.UFOs.mean": {
            "value": 0.0,
            "min": 0.0,
            "max": 0.0,
            "count": 45
        },
        "Ship.Environment.LessonNumber.BigAsteroids.mean": {
            "value": 0.0,
            "min": 0.0,
            "max": 0.0,
            "count": 45
        },
        "Ship.Environment.EpisodeLength.mean": {
            "value": 7652.0,
            "min": 713.4,
            "max": 9706.5,
            "count": 45
        },
        "Ship.Game.Score.mean": {
            "value": 10.0,
            "min": 0.2,
            "max": 28.0,
            "count": 45
        },
        "Ship.Game.Wave.mean": {
            "value": 1.5,
            "min": 1.0,
            "max": 4.0,
            "count": 45
        },
        "Ship.Policy.ExtrinsicValueEstimate.mean": {
            "value": -0.05294520780444145,
            "min": -0.07561955600976944,
            "max": 0.07431112974882126,
            "count": 45
        },
        "Ship.Environment.CumulativeReward.mean": {
            "value": -24.2612863779068,
            "min": -29.065996903926134,
            "max": -3.329297637939453,
            "count": 45
        },
        "Ship.Policy.ExtrinsicReward.mean": {
            "value": -24.2612863779068,
            "min": -29.065996903926134,
            "max": -3.329297637939453,
            "count": 45
        },
        "Ship.IsTraining.mean": {
            "value": 1.0,
            "min": 1.0,
            "max": 1.0,
            "count": 45
        },
        "Ship.Losses.PolicyLoss.mean": {
            "value": 0.0140049248416229,
            "min": 0.013215228371203314,
            "max": 0.0140049248416229,
            "count": 2
        },
        "Ship.Losses.ValueLoss.mean": {
            "value": 0.0024025790684390814,
            "min": 0.0024025790684390814,
            "max": 0.004604598013684153,
            "count": 2
        },
        "Ship.Policy.LearningRate.mean": {
            "value": 9.8360183639818e-05,
            "min": 9.8360183639818e-05,
            "max": 9.917960082039999e-05,
            "count": 2
        },
        "Ship.Policy.Epsilon.mean": {
            "value": 0.19836018200000002,
            "min": 0.19836018200000002,
            "max": 0.1991796,
            "count": 2
        },
        "Ship.Policy.Beta.mean": {
            "value": 0.0049181730818,
            "min": 0.0049181730818,
            "max": 0.00495906204,
            "count": 2
        }
    },
    "metadata": {
        "timer_format_version": "0.1.0",
        "start_time_seconds": "1610455046",
        "python_version": "3.8.0 (tags/v3.8.0:fa919fd, Oct 14 2019, 19:37:50) [MSC v.1916 64 bit (AMD64)]",
        "command_line_arguments": "C:\\Users\\diogo\\AppData\\Local\\Programs\\Python\\Python38\\Scripts\\mlagents-learn ./config/ppo/Asteroids.yaml --run-id=20_MoveNShoot_DifferentCurriculum_DefaultLearningEpsilon_HigherBatchBufferSize",
        "mlagents_version": "0.23.0",
        "mlagents_envs_version": "0.23.0",
        "communication_protocol_version": "1.3.0",
        "pytorch_version": "1.7.1+cpu",
        "numpy_version": "1.18.5",
        "end_time_seconds": "1610459696"
    },
    "total": 4649.7533308,
    "count": 1,
    "self": 0.015110700000150246,
    "children": {
        "run_training.setup": {
            "total": 0.011454300000000028,
            "count": 1,
            "self": 0.011454300000000028
        },
        "TrainerController.start_learning": {
            "total": 4649.7267658,
            "count": 1,
            "self": 4.703510200019082,
            "children": {
                "TrainerController._reset_env": {
                    "total": 11.7110031,
                    "count": 1,
                    "self": 11.7110031
                },
                "TrainerController.advance": {
                    "total": 4632.7653905999805,
                    "count": 46309,
                    "self": 1.6630556999625696,
                    "children": {
                        "env_step": {
                            "total": 4631.102334900018,
                            "count": 46309,
                            "self": 4387.57428200005,
                            "children": {
                                "SubprocessEnvManager._take_step": {
                                    "total": 242.67934590000704,
                                    "count": 46309,
                                    "self": 4.14254699997889,
                                    "children": {
                                        "TorchPolicy.evaluate": {
                                            "total": 238.53679890002815,
                                            "count": 46309,
                                            "self": 33.9981618999588,
                                            "children": {
                                                "TorchPolicy.sample_actions": {
                                                    "total": 204.53863700006934,
                                                    "count": 46309,
                                                    "self": 204.53863700006934
                                                }
                                            }
                                        }
                                    }
                                },
                                "workers": {
                                    "total": 0.8487069999613759,
                                    "count": 46308,
                                    "self": 0.0,
                                    "children": {
                                        "worker_root": {
                                            "total": 4635.5318826,
                                            "count": 46308,
                                            "is_parallel": true,
                                            "self": 530.8205642000348,
                                            "children": {
                                                "steps_from_proto": {
                                                    "total": 0.0025149999999989348,
                                                    "count": 1,
                                                    "is_parallel": true,
                                                    "self": 0.00027929999999898314,
                                                    "children": {
                                                        "_process_vector_observation": {
                                                            "total": 0.0022356999999999516,
                                                            "count": 6,
                                                            "is_parallel": true,
                                                            "self": 0.0022356999999999516
                                                        }
                                                    }
                                                },
                                                "UnityEnvironment.step": {
                                                    "total": 4104.708803399965,
                                                    "count": 46308,
                                                    "is_parallel": true,
                                                    "self": 12.641688699940914,