{
    "name": "root",
    "gauges": {
        "Ship.Policy.Entropy.mean": {
            "value": 1.4505490064620972,
            "min": 1.4397180080413818,
            "max": 2.1130456924438477,
            "count": 56
        },
        "Ship.Policy.ExtrinsicValueEstimate.mean": {
            "value": -0.07501517981290817,
            "min": -0.26466605067253113,
            "max": -0.008043374866247177,
            "count": 56
        },
        "Ship.IsTraining.mean": {
            "value": 1.0,
            "min": 1.0,
            "max": 1.0,
            "count": 56
        },
        "Ship.Losses.PolicyLoss.mean": {
            "value": 0.016362935322023178,
            "min": 0.01295613117043912,
            "max": 0.02285361489662642,
            "count": 53
        },
        "Ship.Losses.ValueLoss.mean": {
            "value": 0.0006935787799496514,
            "min": 0.0002666544561280817,
            "max": 0.004647042990351717,
            "count": 53
        },
        "Ship.Policy.LearningRate.mean": {
            "value": 9.724800875199403e-05,
            "min": 9.724800875199403e-05,
            "max": 9.994880005120003e-05,
            "count": 53
        },
        "Ship.Policy.Epsilon.mean": {
            "value": 0.19724800599999998,
            "min": 0.19724800599999998,
            "max": 0.19994879999999995,
            "count": 53
        },
        "Ship.Policy.Beta.mean": {
            "value": 0.004862675499400001,
            "min": 0.004862675499400001,
            "max": 0.00499744512,
            "count": 53
        },
        "Ship.Environment.EpisodeLength.mean": {
            "value": 20700.0,
            "min": 6087.0,
            "max": 20700.0,
            "count": 12
        },
        "Ship.Game.Score.mean": {
            "value": 9.0,
            "min": 9.0,
            "max": 18.0,
            "count": 12
        },
        "Ship.Game.Wave.mean": {
            "value": 2.0,
            "min": 2.0,
            "max": 3.0,
            "count": 12
        },
        "Ship.Environment.CumulativeReward.mean": {
            "value": -52.606054827570915,
            "min": -52.606054827570915,
            "max": -14.043999910354614,
            "count": 12
        },
        "Ship.Policy.ExtrinsicReward.mean": {
            "value": -52.606054827570915,
            "min": -52.606054827570915,
            "max": -14.043999910354614,
            "count": 12
        }
    },
    "metadata": {
        "timer_format_version": "0.1.0",
        "start_time_seconds": "1610031111",
        "python_version": "3.8.0 (tags/v3.8.0:fa919fd, Oct 14 2019, 19:37:50) [MSC v.1916 64 bit (AMD64)]",
        "command_line_arguments": "C:\\Users\\diogo\\AppData\\Local\\Programs\\Python\\Python38\\Scripts\\mlagents-learn ./config/ppo/Asteroids.yaml --run-id=10_MoveNShoot_SingleMovingBreakingAsteroid_HigherTimeHorizon_LessOverTimePenalty",
        "mlagents_version": "0.23.0",
        "mlagents_envs_version": "0.23.0",
        "communication_protocol_version": "1.3.0",
        "pytorch_version": "1.7.1+cpu",
        "numpy_version": "1.18.5",
        "end_time_seconds": "1610037188"
    },
    "total": 6076.467734600001,
    "count": 1,
    "self": 0.04798540000047069,
    "children": {
        "run_training.setup": {
            "total": 0.012027100000000068,
            "count": 1,
            "self": 0.012027100000000068
        },
        "TrainerController.start_learning": {
            "total": 6076.407722100001,
            "count": 1,
            "self": 1.9819977999250113,
            "children": {
                "TrainerController._reset_env": {
                    "total": 10.2614321,
                    "count": 1,
                    "self": 10.2614321
                },
                "TrainerController.advance": {
                    "total": 6063.816695700075,
                    "count": 56920,
                    "self": 0.9947592000962686,
                    "children": {
                        "env_step": {
                            "total": 6062.821936499979,
                            "count": 56920,
                            "self": 5690.2506474001575,
                            "children": {
                                "SubprocessEnvManager._take_step": {
                                    "total": 371.4567380998619,
                                    "count": 56920,
                                    "self": 5.7418440998597475,
                                    "children": {
                                        "TorchPolicy.evaluate": {
                                            "total": 365.7148940000022,
                                            "count": 56920,
                                            "self": 53.135540300074865,
                                            "children": {
                                                "TorchPolicy.sample_actions": {
                                                    "total": 312.5793536999273,
                                                    "count": 56920,
                                                    "self": 312.5793536999273
                                                }
                                            }
                                        }
                                    }
                                },
                                "workers": {
                                    "total": 1.1145509999595884,
                                    "count": 56919,
                                    "self": 0.0,
                                    "children": {
                                        "worker_root": {
                                            "total": 6063.022990100139,
                                            "count": 56919,
                                            "is_parallel": true,
                                            "self": 546.5231452001508,
                                            "children": {
                                                "steps_from_proto": {
                                                    "total": 0.002700900000000672,
                                                    "count": 1,
                                                    "is_parallel": true,
                                                    "self": 0.0002667999999985682,
                                                    "children": {
                                                        "_process_vector_observation": {
                                                            "total": 0.002434100000002104,
                                                            "count": 6,
                                                            "is_parallel": true,
                                                            "self": 0.002434100000002104
                                                        }
                                                    }
                                                },
                                                "UnityEnvironment.step": {
                                                    "total": 5516.497143999989,
                                                    "count": 56919,
                                                    "is_parallel": true,
                                                    "self": 18.03243869995913,
                                                    "children": {
                                                        "UnityEnvironment._generate_step_input": {
                                                            "total": 120.99971330005005,
                                                            "count": 56919,
                                                            "is_parallel": true,
                                                            "self": 120.99971330005005
                                                        },