{
    "name": "root",
    "gauges": {
        "Ship.Policy.Entropy.mean": {
            "value": 2.1067652702331543,
            "min": 2.101168394088745,
            "max": 2.1072185039520264,
            "count": 21
        },
        "Ship.Environment.LessonNumber.UnbreakableAsteroids.mean": {
            "value": 0.0,
            "min": 0.0,
            "max": 0.0,
            "count": 21
        },
        "Ship.Environment.LessonNumber.UFOs.mean": {
            "value": 0.0,
            "min": 0.0,
            "max": 0.0,
            "count": 21
        },
        "Ship.Environment.LessonNumber.BigAsteroids.mean": {
            "value": 0.0,
            "min": 0.0,
            "max": 0.0,
            "count": 21
        },
        "Ship.Environment.EpisodeLength.mean": {
            "value": 2740.3333333333335,
            "min": 577.0,
            "max": 3093.625,
            "count": 21
        },
        "Ship.Game.Score.mean": {
            "value": 2.5833333333333335,
            "min": 1.1428571428571428,
            "max": 5.0,
            "count": 21
        },
        "Ship.Game.Wave.mean": {
            "value": 1.25,
            "min": 1.0714285714285714,
            "max": 2.0,
            "count": 21
        },
        "Ship.Policy.ExtrinsicValueEstimate.mean": {
            "value": -0.21379601955413818,
            "min": -0.21379601955413818,
            "max": -0.14528286457061768,
            "count": 21
        },
        "Ship.Policy.CuriosityValueEstimate.mean": {
            "value": 15.077104568481445,
            "min": 14.861536026000977,
            "max": 15.81209659576416,
            "count": 21
        },
        "Ship.Environment.CumulativeReward.mean": {
            "value": -6.798472707470258,
            "min": -7.845483577913708,
            "max": -1.9319540432521276,
            "count": 21
        },
        "Ship.Policy.ExtrinsicReward.mean": {
            "value": -6.798472707470258,
            "min": -7.845483577913708,
            "max": -1.9319540432521276,
            "count": 21
        },
        "Ship.Policy.CuriosityReward.mean": {
            "value": 2361.8100242614746,
            "min": 0.0,
            "max": 2361.8100242614746,
            "count": 21
        },
        "Ship.IsTraining.mean": {
            "value": 1.0,
            "min": 1.0,
            "max": 1.0,
            "count": 21
        },
        "Ship.Losses.PolicyLoss.mean": {
            "value": 0.015147664661708405,
            "min": 0.015147664661708405,
            "max": 0.015147664661708405,
            "count": 1
        },
        "Ship.Losses.ValueLoss.mean": {
            "value": 1.8129887914657592,
            "min": 1.8129887914657592,
            "max": 1.8129887914657592,
            "count": 1
        },
        "Ship.Policy.LearningRate.mean": {
            "value": 0.00010000000000000002,
            "min": 0.00010000000000000002,
            "max": 0.00010000000000000002,
            "count": 1
        },
        "Ship.Policy.Epsilon.mean": {
            "value": 0.19999999999999998,
            "min": 0.19999999999999998,
            "max": 0.19999999999999998,
            "count": 1
        },
        "Ship.Policy.Beta.mean": {
            "value": 0.005,
            "min": 0.005,
            "max": 0.005,
            "count": 1
        },
        "Ship.Losses.CuriosityForwardLoss.mean": {
            "value": 153.43070323944093,
            "min": 153.43070323944093,
            "max": 153.43070323944093,
            "count": 1
        },
        "Ship.Losses.CuriosityInverseLoss.mean": {
            "value": 33.172275446256,
            "min": 33.172275446256,
            "max": 33.172275446256,
            "count": 1
        }
    },
    "metadata": {
        "timer_format_version": "0.1.0",
        "start_time_seconds": "1610642492",
        "python_version": "3.8.0 (tags/v3.8.0:fa919fd, Oct 14 2019, 19:37:50) [MSC v.1916 64 bit (AMD64)]",
        "command_line_arguments": "C:\\Users\\diogo\\AppData\\Local\\Programs\\Python\\Python38\\Scripts\\mlagents-learn ./config/ppo/Asteroids.yaml --run-id=24_MoveNShoot_DifferentCurriculum_pleasework --resume",
        "mlagents_version": "0.23.0",
        "mlagents_envs_version": "0.23.0",
        "communication_protocol_version": "1.3.0",
        "pytorch_version": "1.7.1+cpu",
        "numpy_version": "1.18.5",
        "end_time_seconds": "1610644739"
    },
    "total": 2247.4783347,
    "count": 1,
    "self": 0.02091889999974228,
    "children": {
        "run_training.setup": {
            "total": 0.017891600000000007,
            "count": 1,
            "self": 0.017891600000000007
        },
        "TrainerController.start_learning": {
            "total": 2247.4395242,
            "count": 1,
            "self": 2.8539830000081565,
            "children": {
                "TrainerController._reset_env": {
                    "total": 7.4317358,
                    "count": 1,
                    "self": 7.4317358
                },
                "TrainerController.advance": {
                    "total": 2236.812472499992,
                    "count": 21866,
                    "self": 0.7907060999896203,
                    "children": {
                        "env_step": {
                            "total": 2236.0217664000024,
                            "count": 21866,
                            "self": 2132.641915300002,
                            "children": {
                                "SubprocessEnvManager._take_step": {
                                    "total": 102.98172349998376,
                                    "count": 21866,
                                    "self": 1.9150942999918925,
                                    "children": {
                                        "TorchPolicy.evaluate": {
                                            "total": 101.06662919999187,
                                            "count": 21866,
                                            "self": 14.538489099975436,
                                            "children": {
                                                "TorchPolicy.sample_actions": {
                                                    "total": 86.52814010001643,
                                                    "count": 21866,
                                                    "self": 86.52814010001643
                                                }
                                            }
                                        }
                                    }
                                },
                                "workers": {
                                    "total": 0.39812760001659875,
                                    "count": 21865,
                                    "self": 0.0,
                                    "children": {
                                        "worker_root": {
                                            "total": 2238.7743565000164,
                                            "count": 21865,
                                            "is_parallel": true,
                                            "self": 290.4954865000277,
                                            "children": {
                                                "steps_from_proto": {
                                                    "total": 0.0023493000000005537,
                                                    "count": 1,
                                                    "is_parallel": true,
                                                    "self": 0.00024830000000086727,
                                                    "children": {
                                                        "_process_vector_observation": {
                                                            "total": 0.0021009999999996865,
                                                            "count": 6,