{
    "name": "root",
    "gauges": {
        "Ship.Policy.Entropy.mean": {
            "value": 1.5217267274856567,
            "min": 1.4516973495483398,
            "max": 2.1148905754089355,
            "count": 368
        },
        "Ship.Environment.EpisodeLength.mean": {
            "value": 1320.4,
            "min": 357.0,
            "max": 7472.5,
            "count": 367
        },
        "Ship.Game.Score.mean": {
            "value": 2.8,
            "min": 0.0,
            "max": 29.125,
            "count": 367
        },
        "Ship.Game.Wave.mean": {
            "value": 1.0,
            "min": 1.0,
            "max": 3.75,
            "count": 367
        },
        "Ship.Policy.ExtrinsicValueEstimate.mean": {
            "value": -0.11700518429279327,
            "min": -0.468075692653656,
            "max": -0.06454121321439743,
            "count": 368
        },
        "Ship.Policy.CuriosityValueEstimate.mean": {
            "value": 0.16405323147773743,
            "min": 0.032018546015024185,
            "max": 0.37125253677368164,
            "count": 368
        },
        "Ship.Environment.CumulativeReward.mean": {
            "value": -1.671119973063469,
            "min": -18.599600553512573,
            "max": -0.9008000493049622,
            "count": 368
        },
        "Ship.Policy.ExtrinsicReward.mean": {
            "value": -1.671119973063469,
            "min": -18.599600553512573,
            "max": -0.9008000493049622,
            "count": 368
        },
        "Ship.Policy.CuriosityReward.mean": {
            "value": 2.634906993806362,
            "min": 0.0,
            "max": 22.447818875312805,
            "count": 368
        },
        "Ship.IsTraining.mean": {
            "value": 1.0,
            "min": 1.0,
            "max": 1.0,
            "count": 368
        },
        "Ship.Losses.PolicyLoss.mean": {
            "value": 0.022906827639477947,
            "min": 0.010728254419518635,
            "max": 0.04486863982553283,
            "count": 176
        },
        "Ship.Losses.ValueLoss.mean": {
            "value": 0.0016909928953585526,
            "min": 0.0006161889129240686,
            "max": 0.060203384359677634,
            "count": 176
        },
        "Ship.Policy.LearningRate.mean": {
            "value": 0.00027792647535784397,
            "min": 0.00027792647535784397,
            "max": 0.0002998770360409881,
            "count": 176
        },
        "Ship.Policy.Epsilon.mean": {
            "value": 0.19264215599999995,
            "min": 0.19264215599999995,
            "max": 0.199959012,
            "count": 176
        },
        "Ship.Policy.Beta.mean": {
            "value": 0.009264951384399998,
            "min": 0.009264951384399998,
            "max": 0.009995905298800003,
            "count": 176
        },
        "Ship.Losses.CuriosityForwardLoss.mean": {
            "value": 0.03183484487235546,
            "min": 0.016792577567199866,
            "max": 0.6989038586616516,
            "count": 176
        },
        "Ship.Losses.CuriosityInverseLoss.mean": {
            "value": 2.352774810791016,
            "min": 1.9936001698176067,
            "max": 2.761446952819824,
            "count": 176
        }
    },
    "metadata": {
        "timer_format_version": "0.1.0",
        "start_time_seconds": "1609291731",
        "python_version": "3.8.0 (tags/v3.8.0:fa919fd, Oct 14 2019, 19:37:50) [MSC v.1916 64 bit (AMD64)]",
        "command_line_arguments": "C:\\Users\\diogo\\AppData\\Local\\Programs\\Python\\Python38\\Scripts\\mlagents-learn ./config/ppo/Asteroids.yaml --run-id=MoveNShoot_v8_longandshortsensors_diffparameters_moreasteroids",
        "mlagents_version": "0.23.0",
        "mlagents_envs_version": "0.23.0",
        "communication_protocol_version": "1.3.0",
        "pytorch_version": "1.7.1+cpu",
        "numpy_version": "1.18.5",
        "end_time_seconds": "1609325278"
    },
    "total": 33547.4322147,
    "count": 1,
    "self": 0.006583999995200429,
    "children": {
        "run_training.setup": {
            "total": 0.010941199999999984,
            "count": 1,
            "self": 0.010941199999999984
        },
        "TrainerController.start_learning": {
            "total": 33547.4146895,
            "count": 1,
            "self": 4.831882499784115,
            "children": {
                "TrainerController._reset_env": {
                    "total": 5.8125317,
                    "count": 1,
                    "self": 5.8125317
                },
                "TrainerController.advance": {
                    "total": 33536.38802950022,
                    "count": 184660,
                    "self": 2.5071167003334267,
                    "children": {
                        "env_step": {
                            "total": 33533.88091279988,
                            "count": 184660,
                            "self": 32415.109452099387,
                            "children": {
                                "SubprocessEnvManager._take_step": {
                                    "total": 1115.7526819997956,
                                    "count": 184660,
                                    "self": 16.56793129967764,
                                    "children": {
                                        "TorchPolicy.evaluate": {
                                            "total": 1099.184750700118,
                                            "count": 184660,
                                            "self": 172.57648330100176,
                                            "children": {
                                                "TorchPolicy.sample_actions": {
                                                    "total": 926.6082673991162,
                                                    "count": 184660,
                                                    "self": 926.6082673991162
                                                }
                                            }
                                        }
                                    }
                                },
                                "workers": {
                                    "total": 3.0187787006997135,
                                    "count": 184659,
                                    "self": 0.0,
                                    "children": {
                                        "worker_root": {
                                            "total": 33533.59105640048,
                                            "count": 184659,
                                            "is_parallel": true,
                                            "self": 1555.1609647010773,
                                            "children": {
                                                "steps_from_proto": {
                                                    "total": 0.00660919999999976,
                                                    "count": 1,
                                                    "is_parallel": true,
                                                    "self": 0.0002681999999998297,
                                                    "children": {
                                                        "_process_vector_observation": {
                                                            "total": 0.00634099999999993,
                                                            "count": 6,
                                                            "is_parallel": true,
                                                            "self": 0.00634099999999993
                                                        }
                                                    }
                                                },
                                                "UnityEnvironment.step": {
                                                    "total": 31978.423482499402,