{
    "name": "root",
    "gauges": {
        "Ship.Policy.Entropy.mean": {
            "value": 1.4130290746688843,
            "min": 1.4062591791152954,
            "max": 2.112084150314331,
            "count": 223
        },
        "Ship.Environment.EpisodeLength.mean": {
            "value": 1678.75,
            "min": 414.0,
            "max": 8390.5,
            "count": 222
        },
        "Ship.Game.Score.mean": {
            "value": 1.0,
            "min": 0.0,
            "max": 16.0,
            "count": 222
        },
        "Ship.Game.Wave.mean": {
            "value": 1.0,
            "min": 1.0,
            "max": 4.0,
            "count": 222
        },
        "Ship.Policy.ExtrinsicValueEstimate.mean": {
            "value": -0.13413099944591522,
            "min": -0.6563628911972046,
            "max": -0.09286361187696457,
            "count": 223
        },
        "Ship.Policy.CuriosityValueEstimate.mean": {
            "value": 0.013381430879235268,
            "min": -0.00858030840754509,
            "max": 0.22466987371444702,
            "count": 223
        },
        "Ship.Environment.CumulativeReward.mean": {
            "value": -2.331300001591444,
            "min": -22.49989372066089,
            "max": -1.2999999523162842,
            "count": 222
        },
        "Ship.Policy.ExtrinsicReward.mean": {
            "value": -2.331300001591444,
            "min": -22.49989372066089,
            "max": -1.2999999523162842,
            "count": 222
        },
        "Ship.Policy.CuriosityReward.mean": {
            "value": 0.21888288855552673,
            "min": 0.0,
            "max": 2.928956263232976,
            "count": 222
        },
        "Ship.IsTraining.mean": {
            "value": 1.0,
            "min": 1.0,
            "max": 1.0,
            "count": 223
        },
        "Ship.Losses.PolicyLoss.mean": {
            "value": 0.015850600285921244,
            "min": 0.011711994059199544,
            "max": 0.02369166084936296,
            "count": 106
        },
        "Ship.Losses.ValueLoss.mean": {
            "value": 0.0013335041721196225,
            "min": 0.0004321796450919161,
            "max": 0.052458413193623224,
            "count": 106
        },
        "Ship.Policy.LearningRate.mean": {
            "value": 0.00028666175244608397,
            "min": 0.00028666175244608397,
            "max": 0.000299873346042218,
            "count": 106
        },
        "Ship.Policy.Epsilon.mean": {
            "value": 0.19555391599999997,
            "min": 0.19555391599999997,
            "max": 0.19995778200000006,
            "count": 106
        },
        "Ship.Policy.Beta.mean": {
            "value": 0.004778140408399999,
            "min": 0.004778140408399999,
            "max": 0.004997893321800001,
            "count": 106
        },
        "Ship.Losses.CuriosityForwardLoss.mean": {
            "value": 0.013624112928907077,
            "min": 0.004870793875306844,
            "max": 0.4969149738550186,
            "count": 106
        },
        "Ship.Losses.CuriosityInverseLoss.mean": {
            "value": 1.8688494364420574,
            "min": 1.8614350159962971,
            "max": 2.692166884740194,
            "count": 106
        }
    },
    "metadata": {
        "timer_format_version": "0.1.0",
        "start_time_seconds": "1609187110",
        "python_version": "3.8.0 (tags/v3.8.0:fa919fd, Oct 14 2019, 19:37:50) [MSC v.1916 64 bit (AMD64)]",
        "command_line_arguments": "C:\\Users\\diogo\\AppData\\Local\\Programs\\Python\\Python38\\Scripts\\mlagents-learn ./config/ppo/Asteroids.yaml --run-id=MoveNShoot_v2",
        "mlagents_version": "0.23.0",
        "mlagents_envs_version": "0.23.0",
        "communication_protocol_version": "1.3.0",
        "pytorch_version": "1.7.1+cpu",
        "numpy_version": "1.18.5",
        "end_time_seconds": "1609204154"
    },
    "total": 17044.1526328,
    "count": 1,
    "self": 0.028810199997678865,
    "children": {
        "run_training.setup": {
            "total": 0.011049499999999934,
            "count": 1,
            "self": 0.011049499999999934
        },
        "TrainerController.start_learning": {
            "total": 17044.1127731,
            "count": 1,
            "self": 3.3383833998632326,
            "children": {
                "TrainerController._reset_env": {
                    "total": 7.539261400000001,
                    "count": 1,
                    "self": 7.539261400000001
                },
                "TrainerController.advance": {
                    "total": 17032.895286800136,
                    "count": 112347,
                    "self": 1.8126227995890076,
                    "children": {
                        "env_step": {
                            "total": 17031.082664000547,
                            "count": 112347,
                            "self": 16385.280203900813,
                            "children": {
                                "SubprocessEnvManager._take_step": {
                                    "total": 643.7243534000127,
                                    "count": 112347,
                                    "self": 10.948669100166285,
                                    "children": {
                                        "TorchPolicy.evaluate": {
                                            "total": 632.7756842998464,
                                            "count": 112347,
                                            "self": 102.87518740009955,
                                            "children": {
                                                "TorchPolicy.sample_actions": {
                                                    "total": 529.9004968997468,
                                                    "count": 112347,
                                                    "self": 529.9004968997468
                                                }
                                            }
                                        }
                                    }
                                },
                                "workers": {
                                    "total": 2.0781066997232323,
                                    "count": 112346,
                                    "self": 0.0,
                                    "children": {
                                        "worker_root": {
                                            "total": 17031.28150300034,
                                            "count": 112346,
                                            "is_parallel": true,
                                            "self": 939.3972607004252,
                                            "children": {
                                                "steps_from_proto": {
                                                    "total": 0.010271400000000597,
                                                    "count": 1,
                                                    "is_parallel": true,
                                                    "self": 0.0005676000000018888,
                                                    "children": {
                                                        "_process_vector_observation": {
                                                            "total": 0.009703799999998708,
                                                            "count": 8,
                                                            "is_parallel": true,
                                                            "self": 0.009703799999998708
                                                        }
                                                    }
                                                },
                                                "UnityEnvironment.step": {
                                                    "total": 16091.873970899915,