{
    "name": "root",
    "gauges": {
        "Ship.Policy.Entropy.mean": {
            "value": 2.149247884750366,
            "min": 2.0753791332244873,
            "max": 2.150073289871216,
            "count": 99
        },
        "Ship.Policy.ExtrinsicValueEstimate.mean": {
            "value": -1.0264257192611694,
            "min": -4.274839878082275,
            "max": -1.0056979656219482,
            "count": 99
        },
        "Ship.Policy.CuriosityValueEstimate.mean": {
            "value": 17.874141693115234,
            "min": -2.4208710193634033,
            "max": 47.565223693847656,
            "count": 99
        },
        "Ship.IsTraining.mean": {
            "value": 1.0,
            "min": 1.0,
            "max": 1.0,
            "count": 99
        },
        "Ship.Environment.EpisodeLength.mean": {
            "value": 1881.625,
            "min": 989.3333333333334,
            "max": 2048.0,
            "count": 98
        },
        "Ship.Game.Score.mean": {
            "value": 5.875,
            "min": 4.428571428571429,
            "max": 20.2,
            "count": 98
        },
        "Ship.Game.Wave.mean": {
            "value": 1.875,
            "min": 1.3,
            "max": 5.0,
            "count": 98
        },
        "Ship.Environment.CumulativeReward.mean": {
            "value": -9.578499086201191,
            "min": -12.857998847961426,
            "max": -2.7884996831417084,
            "count": 98
        },
        "Ship.Policy.ExtrinsicReward.mean": {
            "value": -9.578499086201191,
            "min": -12.857998847961426,
            "max": -2.7884996831417084,
            "count": 98
        },
        "Ship.Policy.CuriosityReward.mean": {
            "value": 22.059985702158883,
            "min": 0.0,
            "max": 1828.7944869995117,
            "count": 98
        },
        "Ship.Losses.PolicyLoss.mean": {
            "value": 0.017042355584756783,
            "min": 0.013108058760796364,
            "max": 0.033470992790535094,
            "count": 47
        },
        "Ship.Losses.ValueLoss.mean": {
            "value": 0.7459792991479238,
            "min": 0.7459792991479238,
            "max": 158.61872049967448,
            "count": 47
        },
        "Ship.Policy.LearningRate.mean": {
            "value": 0.00029416224794591797,
            "min": 0.00029416224794591797,
            "max": 0.00029987619004127,
            "count": 47
        },
        "Ship.Policy.Epsilon.mean": {
            "value": 0.10000000000000003,
            "min": 0.10000000000000003,
            "max": 0.10000000000000003,
            "count": 47
        },
        "Ship.Policy.Beta.mean": {
            "value": 0.009805602791799999,
            "min": 0.009805602791799999,
            "max": 0.009995877127000001,
            "count": 47
        },
        "Ship.Losses.CuriosityForwardLoss.mean": {
            "value": 0.16514575779438018,
            "min": 0.16514575779438018,
            "max": 1409.0111796061199,
            "count": 47
        },
        "Ship.Losses.CuriosityInverseLoss.mean": {
            "value": 3.087486227353414,
            "min": 2.758479102452596,
            "max": 13.104882176717123,
            "count": 47
        }
    },
    "metadata": {
        "timer_format_version": "0.1.0",
        "start_time_seconds": "1609425678",
        "python_version": "3.8.0 (tags/v3.8.0:fa919fd, Oct 14 2019, 19:37:50) [MSC v.1916 64 bit (AMD64)]",
        "command_line_arguments": "C:\\Users\\diogo\\AppData\\Local\\Programs\\Python\\Python38\\Scripts\\mlagents-learn ./config/ppo/Asteroids.yaml --run-id=MoveNShoot_v12_non_moving_asses",
        "mlagents_version": "0.23.0",
        "mlagents_envs_version": "0.23.0",
        "communication_protocol_version": "1.3.0",
        "pytorch_version": "1.7.1+cpu",
        "numpy_version": "1.18.5",
        "end_time_seconds": "1609435074"
    },
    "total": 9395.895127900001,
    "count": 1,
    "self": 0.021190500001466717,
    "children": {
        "run_training.setup": {
            "total": 0.010709399999999869,
            "count": 1,
            "self": 0.010709399999999869
        },
        "TrainerController.start_learning": {
            "total": 9395.863228,
            "count": 1,
            "self": 1.4684421000420116,
            "children": {
                "TrainerController._reset_env": {
                    "total": 14.9483429,
                    "count": 1,
                    "self": 14.9483429
                },
                "TrainerController.advance": {
                    "total": 9379.21388789996,
                    "count": 49779,
                    "self": 0.7626240998870344,
                    "children": {
                        "env_step": {
                            "total": 9378.451263800072,
                            "count": 49779,
                            "self": 9072.395003700094,
                            "children": {
                                "SubprocessEnvManager._take_step": {
                                    "total": 305.18449649994614,
                                    "count": 49779,
                                    "self": 4.6200399999378305,
                                    "children": {
                                        "TorchPolicy.evaluate": {
                                            "total": 300.5644565000083,
                                            "count": 49779,
                                            "self": 45.78887419990943,
                                            "children": {
                                                "TorchPolicy.sample_actions": {
                                                    "total": 254.77558230009888,
                                                    "count": 49779,
                                                    "self": 254.77558230009888
                                                }
                                            }
                                        }
                                    }
                                },
                                "workers": {
                                    "total": 0.8717636000328497,
                                    "count": 49778,
                                    "self": 0.0,
                                    "children": {
                                        "worker_root": {
                                            "total": 9378.154015800108,
                                            "count": 49778,
                                            "is_parallel": true,
                                            "self": 427.67172260014377,
                                            "children": {
                                                "steps_from_proto": {
                                                    "total": 0.005840400000000301,
                                                    "count": 1,
                                                    "is_parallel": true,
                                                    "self": 0.00033660000000068635,
                                                    "children": {
                                                        "_process_vector_observation": {
                                                            "total": 0.0055037999999996146,
                                                            "count": 10,
                                                            "is_parallel": true,
                                                            "self": 0.0055037999999996146
                                                        }
                                                    }
                                                },
                                                "UnityEnvironment.step": {
                                                    "total": 8950.476452799965,