{
    "name": "root",
    "gauges": {
        "Ship.Policy.Entropy.mean": {
            "value": 2.0770442485809326,
            "min": 2.0667598247528076,
            "max": 2.1296238899230957,
            "count": 114
        },
        "Ship.Environment.EpisodeLength.mean": {
            "value": 120.3695652173913,
            "min": 115.09836065573771,
            "max": 4540.0,
            "count": 111
        },
        "Ship.Game.Score.mean": {
            "value": 211.2826086956522,
            "min": 1.0,
            "max": 214.94915254237287,
            "count": 111
        },
        "Ship.Game.Wave.mean": {
            "value": 212.2826086956522,
            "min": 2.0,
            "max": 215.94915254237287,
            "count": 111
        },
        "Ship.Policy.ExtrinsicValueEstimate.mean": {
            "value": 0.05398914963006973,
            "min": -0.11090999841690063,
            "max": 0.10814710706472397,
            "count": 114
        },
        "Ship.Policy.CuriosityValueEstimate.mean": {
            "value": 0.052899207919836044,
            "min": -0.1093384176492691,
            "max": 0.11737552285194397,
            "count": 114
        },
        "Ship.Environment.CumulativeReward.mean": {
            "value": -0.5075435037522212,
            "min": -5.4510000348091125,
            "max": 0.056866653511921564,
            "count": 111
        },
        "Ship.Policy.ExtrinsicReward.mean": {
            "value": -0.5075435037522212,
            "min": -5.4510000348091125,
            "max": 0.056866653511921564,
            "count": 111
        },
        "Ship.Policy.CuriosityReward.mean": {
            "value": 0.2373710017570335,
            "min": 0.02271295036997698,
            "max": 10.102082639932632,
            "count": 111
        },
        "Ship.Losses.PolicyLoss.mean": {
            "value": 0.020058431929404225,
            "min": 0.010228755261778135,
            "max": 0.02709417119040154,
            "count": 113
        },
        "Ship.Losses.ValueLoss.mean": {
            "value": 0.00024388858158393606,
            "min": 1.4306276271882882e-05,
            "max": 0.00374803717325752,
            "count": 113
        },
        "Ship.Policy.LearningRate.mean": {
            "value": 0.00029318839877053444,
            "min": 0.00029318839877053444,
            "max": 0.00029998464000511997,
            "count": 113
        },
        "Ship.Policy.Epsilon.mean": {
            "value": 0.1977294655,
            "min": 0.1977294655,
            "max": 0.19999488,
            "count": 113
        },
        "Ship.Policy.Beta.mean": {
            "value": 0.00488670032845,
            "min": 0.00488670032845,
            "max": 0.004999744511999999,
            "count": 113
        },
        "Ship.Losses.CuriosityForwardLoss.mean": {
            "value": 0.04362995844955246,
            "min": 0.011057072194914022,
            "max": 1.5491247375806172,
            "count": 113
        },
        "Ship.Losses.CuriosityInverseLoss.mean": {
            "value": 1.4214244584242504,
            "min": 1.3588807731866837,
            "max": 1.7855264345804849,
            "count": 113
        },
        "Ship.IsTraining.mean": {
            "value": 1.0,
            "min": 1.0,
            "max": 1.0,
            "count": 114
        }
    },
    "metadata": {
        "timer_format_version": "0.1.0",
        "start_time_seconds": "1609105165",
        "python_version": "3.8.0 (tags/v3.8.0:fa919fd, Oct 14 2019, 19:37:50) [MSC v.1916 64 bit (AMD64)]",
        "command_line_arguments": "C:\\Users\\diogo\\AppData\\Local\\Programs\\Python\\Python38\\Scripts\\mlagents-learn ./config/ppo/Asteroids.yaml --run-id=ShootNRotate_v4_extraextrasensors_differentpenalties_360asteroids",
        "mlagents_version": "0.23.0",
        "mlagents_envs_version": "0.23.0",
        "communication_protocol_version": "1.3.0",
        "pytorch_version": "1.7.1+cpu",
        "numpy_version": "1.18.5",
        "end_time_seconds": "1609110581"
    },
    "total": 5415.2899172,
    "count": 1,
    "self": 10.009138799999164,
    "children": {
        "run_training.setup": {
            "total": 0.07394299999999987,
            "count": 1,
            "self": 0.07394299999999987
        },
        "TrainerController.start_learning": {
            "total": 5405.2068354,
            "count": 1,
            "self": 1.4011003999830791,
            "children": {
                "TrainerController._reset_env": {
                    "total": 16.956962,
                    "count": 1,
                    "self": 16.956962
                },
                "TrainerController.advance": {
                    "total": 5386.657333300017,
                    "count": 47718,
                    "self": 0.6799939000084123,
                    "children": {
                        "env_step": {
                            "total": 5385.9773394000085,
                            "count": 47718,
                            "self": 5154.7674503000635,
                            "children": {
                                "SubprocessEnvManager._take_step": {
                                    "total": 230.38997899996448,
                                    "count": 47718,
                                    "self": 3.917455399938632,
                                    "children": {
                                        "TorchPolicy.evaluate": {
                                            "total": 226.47252360002585,
                                            "count": 47718,
                                            "self": 50.6630878000301,
                                            "children": {
                                                "TorchPolicy.sample_actions": {
                                                    "total": 175.80943579999575,
                                                    "count": 47718,
                                                    "self": 175.80943579999575
                                                }
                                            }
                                        }
                                    }
                                },
                                "workers": {
                                    "total": 0.819910099980639,
                                    "count": 47717,
                                    "self": 0.0,
                                    "children": {
                                        "worker_root": {
                                            "total": 5386.102082899975,
                                            "count": 47717,
                                            "is_parallel": true,
                                            "self": 429.48034770004324,
                                            "children": {
                                                "steps_from_proto": {
                                                    "total": 0.0030969999999967968,
                                                    "count": 1,
                                                    "is_parallel": true,
                                                    "self": 0.0002578999999975906,
                                                    "children": {
                                                        "_process_vector_observation": {
                                                            "total": 0.002839099999999206,
                                                            "count": 6,
                                                            "is_parallel": true,
                                                            "self": 0.002839099999999206
                                                        }
                                                    }
                                                },