{
    "name": "root",
    "gauges": {
        "Ship.Policy.Entropy.mean": {
            "value": 1.5146205425262451,
            "min": 1.4654664993286133,
            "max": 2.1143925189971924,
            "count": 145
        },
        "Ship.Environment.LessonNumber.UnbreakableAsteroids.mean": {
            "value": 0.0,
            "min": 0.0,
            "max": 0.0,
            "count": 145
        },
        "Ship.Environment.LessonNumber.BigAsteroids.mean": {
            "value": 0.0,
            "min": 0.0,
            "max": 0.0,
            "count": 145
        },
        "Ship.Environment.LessonNumber.UFOs.mean": {
            "value": 0.0,
            "min": 0.0,
            "max": 0.0,
            "count": 145
        },
        "Ship.Environment.EpisodeLength.mean": {
            "value": 1034.103448275862,
            "min": 682.64,
            "max": 2824.6666666666665,
            "count": 145
        },
        "Ship.Game.Score.mean": {
            "value": 13.275862068965518,
            "min": 1.0,
            "max": 14.458333333333334,
            "count": 145
        },
        "Ship.Game.Wave.mean": {
            "value": 14.275862068965518,
            "min": 2.0,
            "max": 15.458333333333334,
            "count": 145
        },
        "Ship.Policy.ExtrinsicValueEstimate.mean": {
            "value": 0.19447949528694153,
            "min": -0.09727717936038971,
            "max": 0.19447949528694153,
            "count": 145
        },
        "Ship.Environment.CumulativeReward.mean": {
            "value": 0.5214069090012846,
            "min": -3.150570324063301,
            "max": 0.7311159944534302,
            "count": 145
        },
        "Ship.Policy.ExtrinsicReward.mean": {
            "value": 0.5214069090012846,
            "min": -3.150570324063301,
            "max": 0.7311159944534302,
            "count": 145
        },
        "Ship.Losses.PolicyLoss.mean": {
            "value": 0.01837985817376951,
            "min": 0.011224250257419044,
            "max": 0.024615080253473327,
            "count": 145
        },
        "Ship.Losses.ValueLoss.mean": {
            "value": 0.002833513900016745,
            "min": 0.0008847054307504246,
            "max": 0.00911296916504701,
            "count": 145
        },
        "Ship.Policy.LearningRate.mean": {
            "value": 9.277815722185003e-05,
            "min": 9.277815722185003e-05,
            "max": 9.995836004164001e-05,
            "count": 145
        },
        "Ship.Policy.Epsilon.mean": {
            "value": 0.19277814999999995,
            "min": 0.19277814999999995,
            "max": 0.19995836000000003,
            "count": 145
        },
        "Ship.Policy.Beta.mean": {
            "value": 0.004639629685000002,
            "min": 0.004639629685000002,
            "max": 0.0049979221639999995,
            "count": 145
        },
        "Ship.IsTraining.mean": {
            "value": 1.0,
            "min": 1.0,
            "max": 1.0,
            "count": 145
        }
    },
    "metadata": {
        "timer_format_version": "0.1.0",
        "start_time_seconds": "1610727150",
        "python_version": "3.8.0 (tags/v3.8.0:fa919fd, Oct 14 2019, 19:37:50) [MSC v.1916 64 bit (AMD64)]",
        "command_line_arguments": "C:\\Users\\diogo\\AppData\\Local\\Programs\\Python\\Python38\\Scripts\\mlagents-learn ./config/ppo/Asteroids.yaml --run-id=28_MoveNShoot_DifferentCurriculum_rewardSet1OnWaveEnd",
        "mlagents_version": "0.23.0",
        "mlagents_envs_version": "0.23.0",
        "communication_protocol_version": "1.3.0",
        "pytorch_version": "1.7.1+cpu",
        "numpy_version": "1.18.5",
        "end_time_seconds": "1610744591"
    },
    "total": 17438.6985748,
    "count": 1,
    "self": 0.02779499999815016,
    "children": {
        "run_training.setup": {
            "total": 0.01183500000000004,
            "count": 1,
            "self": 0.01183500000000004
        },
        "TrainerController.start_learning": {
            "total": 17438.6589448,
            "count": 1,
            "self": 27.2489182000063,
            "children": {
                "TrainerController._reset_env": {
                    "total": 9.1337317,
                    "count": 1,
                    "self": 9.1337317
                },
                "TrainerController.advance": {
                    "total": 17401.910090799996,
                    "count": 145479,
                    "self": 5.969465000027412,
                    "children": {
                        "env_step": {
                            "total": 17395.94062579997,
                            "count": 145479,
                            "self": 16416.979496099913,
                            "children": {
                                "SubprocessEnvManager._take_step": {
                                    "total": 976.017426200299,
                                    "count": 145479,
                                    "self": 14.657383600209187,
                                    "children": {
                                        "TorchPolicy.evaluate": {
                                            "total": 961.3600426000899,
                                            "count": 145479,
                                            "self": 140.57027210021533,
                                            "children": {
                                                "TorchPolicy.sample_actions": {
                                                    "total": 820.7897704998745,
                                                    "count": 145479,
                                                    "self": 820.7897704998745
                                                }
                                            }
                                        }
                                    }
                                },
                                "workers": {
                                    "total": 2.9437034997556513,
                                    "count": 145478,
                                    "self": 0.0,
                                    "children": {
                                        "worker_root": {
                                            "total": 17422.44254130047,
                                            "count": 145478,
                                            "is_parallel": true,
                                            "self": 3049.174249900152,
                                            "children": {
                                                "steps_from_proto": {
                                                    "total": 0.002353300000001113,
                                                    "count": 1,
                                                    "is_parallel": true,
                                                    "self": 0.0002558000000014715,
                                                    "children": {
                                                        "_process_vector_observation": {
                                                            "total": 0.0020974999999996413,
                                                            "count": 6,
                                                            "is_parallel": true,
                                                            "self": 0.0020974999999996413
                                                        }
                                                    }
                                                },
                                                "UnityEnvironment.step": {
                                                    "total": 14373.265938100316,
                                                    "count": 145478,
                                                    "is_parallel": true,
                                                    "self": 39.55197490030514,