{
    "name": "root",
    "gauges": {
        "Ship.Policy.Entropy.mean": {
            "value": 0.6031205058097839,
            "min": 0.5414448976516724,
            "max": 0.6918843388557434,
            "count": 72
        },
        "Ship.Environment.EpisodeLength.mean": {
            "value": 60.440677966101696,
            "min": 55.60364464692483,
            "max": 74.30149253731344,
            "count": 72
        },
        "Ship.Game.Score.mean": {
            "value": 1169.9297820823244,
            "min": 7.646067415730337,
            "max": 1169.9297820823244,
            "count": 72
        },
        "Ship.Game.Wave.mean": {
            "value": 1170.9297820823244,
            "min": 8.646067415730338,
            "max": 1170.9297820823244,
            "count": 72
        },
        "Ship.Policy.ExtrinsicValueEstimate.mean": {
            "value": 0.6783210635185242,
            "min": -0.17452959716320038,
            "max": 0.7057018876075745,
            "count": 72
        },
        "Ship.Environment.CumulativeReward.mean": {
            "value": 1.0,
            "min": 1.0,
            "max": 1.0,
            "count": 72
        },
        "Ship.Policy.ExtrinsicReward.mean": {
            "value": 1.0,
            "min": 1.0,
            "max": 1.0,
            "count": 72
        },
        "Ship.Losses.PolicyLoss.mean": {
            "value": 0.03494668209718333,
            "min": 0.028963895308940363,
            "max": 0.04279700957122259,
            "count": 72
        },
        "Ship.Losses.ValueLoss.mean": {
            "value": 0.013597269521819222,
            "min": 0.012183419527072047,
            "max": 0.12996654181430736,
            "count": 72
        },
        "Ship.Policy.LearningRate.mean": {
            "value": 0.0002892726835757732,
            "min": 0.0002892726835757732,
            "max": 0.00029990761803079394,
            "count": 72
        },
        "Ship.Policy.Epsilon.mean": {
            "value": 0.1964242266666667,
            "min": 0.1964242266666667,
            "max": 0.19996920600000004,
            "count": 72
        },
        "Ship.Policy.Beta.mean": {
            "value": 0.004821568910666667,
            "min": 0.004821568910666667,
            "max": 0.004998463379400001,
            "count": 72
        },
        "Ship.IsTraining.mean": {
            "value": 1.0,
            "min": 1.0,
            "max": 1.0,
            "count": 72
        }
    },
    "metadata": {
        "timer_format_version": "0.1.0",
        "start_time_seconds": "1609584147",
        "python_version": "3.8.0 (tags/v3.8.0:fa919fd, Oct 14 2019, 19:37:50) [MSC v.1916 64 bit (AMD64)]",
        "command_line_arguments": "C:\\Users\\diogo\\AppData\\Local\\Programs\\Python\\Python38\\Scripts\\mlagents-learn ./config/ppo/Asteroids.yaml --run-id=1_Shoot_default",
        "mlagents_version": "0.23.0",
        "mlagents_envs_version": "0.23.0",
        "communication_protocol_version": "1.3.0",
        "pytorch_version": "1.7.1+cpu",
        "numpy_version": "1.18.5",
        "end_time_seconds": "1609588049"
    },
    "total": 3902.4376031,
    "count": 1,
    "self": 0.08312330000035217,
    "children": {
        "run_training.setup": {
            "total": 0.011375399999999924,
            "count": 1,
            "self": 0.011375399999999924
        },
        "TrainerController.start_learning": {
            "total": 3902.3431044,
            "count": 1,
            "self": 2.7584334000384843,
            "children": {
                "TrainerController._reset_env": {
                    "total": 6.828712400000001,
                    "count": 1,
                    "self": 6.828712400000001
                },
                "TrainerController.advance": {
                    "total": 3892.628616999961,
                    "count": 72312,
                    "self": 1.3947243999677994,
                    "children": {
                        "env_step": {
                            "total": 3891.2338925999934,
                            "count": 72312,
                            "self": 3467.395376900085,
                            "children": {
                                "SubprocessEnvManager._take_step": {
                                    "total": 422.2007139999257,
                                    "count": 72312,
                                    "self": 7.767060199889556,
                                    "children": {
                                        "TorchPolicy.evaluate": {
                                            "total": 414.43365380003615,
                                            "count": 72312,
                                            "self": 95.28926400005065,
                                            "children": {
                                                "TorchPolicy.sample_actions": {
                                                    "total": 319.1443897999855,
                                                    "count": 72312,
                                                    "self": 319.1443897999855
                                                }
                                            }
                                        }
                                    }
                                },
                                "workers": {
                                    "total": 1.6378016999826635,
                                    "count": 72312,
                                    "self": 0.0,
                                    "children": {
                                        "worker_root": {
                                            "total": 3892.338391900057,
                                            "count": 72312,
                                            "is_parallel": true,
                                            "self": 682.1149723000663,
                                            "children": {
                                                "steps_from_proto": {
                                                    "total": 0.0013180999999997667,
                                                    "count": 1,
                                                    "is_parallel": true,
                                                    "self": 0.00042570000000008434,
                                                    "children": {
                                                        "_process_vector_observation": {
                                                            "total": 0.0008923999999996823,
                                                            "count": 4,
                                                            "is_parallel": true,
                                                            "self": 0.0008923999999996823
                                                        }
                                                    }
                                                },
                                                "UnityEnvironment.step": {
                                                    "total": 3210.222101499991,
                                                    "count": 72312,
                                                    "is_parallel": true,
                                                    "self": 16.113962200003698,
                                                    "children": {
                                                        "UnityEnvironment._generate_step_input": {
                                                            "total": 171.80723889997327,
                                                            "count": 72312,
                                                            "is_parallel": true,
                                                            "self": 171.80723889997327
                                                        },