{"cameraMode":{"drawMode":0,"name":"Shaded","section":"Shading Mode"},"sceneLighting":false,"audioPlay":false,"sceneViewState":{"showFog":true,"showMaterialUpdate":false,"showSkybox":false,"showFlares":true,"showImageEffects":true,"showParticleSystems":true},"in2DMode":false,"pivot":{"x":0.0,"y":0.7999999523162842,"z":-30.097455978393556},"rotation":{"x":-0.000321428437018767,"y":-0.9996370673179627,"z":-0.03509077802300453,"w":-0.0011635959381237627},"size":3.0194857120513918,"orthographic":false}