{
    "name": "root",
    "gauges": {
        "Ship.Policy.Entropy.mean": {
            "value": 0.6266874074935913,
            "min": 0.5541987419128418,
            "max": 0.6928955316543579,
            "count": 80
        },
        "Ship.Environment.EpisodeLength.mean": {
            "value": 60.80940594059406,
            "min": 56.43935926773455,
            "max": 75.9938080495356,
            "count": 80
        },
        "Ship.Game.Score.mean": {
            "value": 1257.8638613861385,
            "min": 7.535612535612535,
            "max": 1257.8638613861385,
            "count": 80
        },
        "Ship.Game.Wave.mean": {
            "value": 1258.8638613861385,
            "min": 8.535612535612536,
            "max": 1258.8638613861385,
            "count": 80
        },
        "Ship.Policy.ExtrinsicValueEstimate.mean": {
            "value": 0.6466652154922485,
            "min": 0.20333679020404816,
            "max": 0.6669367551803589,
            "count": 80
        },
        "Ship.Environment.CumulativeReward.mean": {
            "value": 0.9383316967488811,
            "min": 0.9230495560971945,
            "max": 0.9425642340691811,
            "count": 80
        },
        "Ship.Policy.ExtrinsicReward.mean": {
            "value": 0.9383316967488811,
            "min": 0.9230495560971945,
            "max": 0.9425642340691811,
            "count": 80
        },
        "Ship.Losses.PolicyLoss.mean": {
            "value": 0.03149796923777709,
            "min": 0.028355304594151677,
            "max": 0.03888667368381802,
            "count": 80
        },
        "Ship.Losses.ValueLoss.mean": {
            "value": 0.016102489666081965,
            "min": 0.015117602350397242,
            "max": 0.06022179747621219,
            "count": 80
        },
        "Ship.Policy.LearningRate.mean": {
            "value": 0.000288064866978379,
            "min": 0.000288064866978379,
            "max": 0.00029990772603075795,
            "count": 80
        },
        "Ship.Policy.Epsilon.mean": {
            "value": 0.19602162099999998,
            "min": 0.19602162099999998,
            "max": 0.199969242,
            "count": 80
        },
        "Ship.Policy.Beta.mean": {
            "value": 0.004801478887900001,
            "min": 0.004801478887900001,
            "max": 0.0049984651758,
            "count": 80
        },
        "Ship.IsTraining.mean": {
            "value": 1.0,
            "min": 1.0,
            "max": 1.0,
            "count": 80
        }
    },
    "metadata": {
        "timer_format_version": "0.1.0",
        "start_time_seconds": "1609588130",
        "python_version": "3.8.0 (tags/v3.8.0:fa919fd, Oct 14 2019, 19:37:50) [MSC v.1916 64 bit (AMD64)]",
        "command_line_arguments": "C:\\Users\\diogo\\AppData\\Local\\Programs\\Python\\Python38\\Scripts\\mlagents-learn ./config/ppo/Asteroids.yaml --run-id=2_Shoot_overtimepenalty",
        "mlagents_version": "0.23.0",
        "mlagents_envs_version": "0.23.0",
        "communication_protocol_version": "1.3.0",
        "pytorch_version": "1.7.1+cpu",
        "numpy_version": "1.18.5",
        "end_time_seconds": "1609592898"
    },
    "total": 4767.683935,
    "count": 1,
    "self": 0.01265880000028119,
    "children": {
        "run_training.setup": {
            "total": 0.011785500000000004,
            "count": 1,
            "self": 0.011785500000000004
        },
        "TrainerController.start_learning": {
            "total": 4767.6594907,
            "count": 1,
            "self": 3.3190957001015704,
            "children": {
                "TrainerController._reset_env": {
                    "total": 19.3949057,
                    "count": 1,
                    "self": 19.3949057
                },
                "TrainerController.advance": {
                    "total": 4744.830051399898,
                    "count": 80239,
                    "self": 1.612310499994237,
                    "children": {
                        "env_step": {
                            "total": 4743.217740899904,
                            "count": 80239,
                            "self": 4265.35243419994,
                            "children": {
                                "SubprocessEnvManager._take_step": {
                                    "total": 475.971940300013,
                                    "count": 80239,
                                    "self": 9.027283099964677,
                                    "children": {
                                        "TorchPolicy.evaluate": {
                                            "total": 466.9446572000483,
                                            "count": 80239,
                                            "self": 111.06160040003834,
                                            "children": {
                                                "TorchPolicy.sample_actions": {
                                                    "total": 355.88305680000997,
                                                    "count": 80239,
                                                    "self": 355.88305680000997
                                                }
                                            }
                                        }
                                    }
                                },
                                "workers": {
                                    "total": 1.893366399951045,
                                    "count": 80238,
                                    "self": 0.0,
                                    "children": {
                                        "worker_root": {
                                            "total": 4744.368907099943,
                                            "count": 80238,
                                            "is_parallel": true,
                                            "self": 1023.786595599971,
                                            "children": {
                                                "steps_from_proto": {
                                                    "total": 0.0008517000000018982,
                                                    "count": 1,
                                                    "is_parallel": true,
                                                    "self": 0.0003570000000010509,
                                                    "children": {
                                                        "_process_vector_observation": {
                                                            "total": 0.0004947000000008472,
                                                            "count": 4,
                                                            "is_parallel": true,
                                                            "self": 0.0004947000000008472
                                                        }
                                                    }
                                                },
                                                "UnityEnvironment.step": {
                                                    "total": 3720.5814597999715,
                                                    "count": 80238,
                                                    "is_parallel": true,
                                                    "self": 18.56537970015188,
                                                    "children": {
                                                        "UnityEnvironment._generate_step_input": {
                                                            "total": 195.93404709992177,
                                                            "count": 80238,
                                                            "is_parallel": true,
                                                            "self": 195.93404709992177
                                                        },