{
    "name": "root",
    "gauges": {
        "Ship.Policy.Entropy.mean": {
            "value": 1.477679967880249,
            "min": 1.4554418325424194,
            "max": 2.092494249343872,
            "count": 426
        },
        "Ship.Environment.LessonNumber.UnbreakableAsteroids.mean": {
            "value": 0.0,
            "min": 0.0,
            "max": 0.0,
            "count": 426
        },
        "Ship.Environment.LessonNumber.BigAsteroids.mean": {
            "value": 0.0,
            "min": 0.0,
            "max": 0.0,
            "count": 426
        },
        "Ship.Environment.LessonNumber.UFOs.mean": {
            "value": 0.0,
            "min": 0.0,
            "max": 0.0,
            "count": 426
        },
        "Ship.Environment.EpisodeLength.mean": {
            "value": 2271.1666666666665,
            "min": 706.0,
            "max": 5636.714285714285,
            "count": 426
        },
        "Ship.Game.Score.mean": {
            "value": 4.833333333333333,
            "min": 2.9285714285714284,
            "max": 25.142857142857142,
            "count": 426
        },
        "Ship.Game.Wave.mean": {
            "value": 2.5,
            "min": 1.9285714285714286,
            "max": 9.285714285714286,
            "count": 426
        },
        "Ship.Policy.ExtrinsicValueEstimate.mean": {
            "value": 0.024465158581733704,
            "min": -0.09821722656488419,
            "max": 0.13444063067436218,
            "count": 426
        },
        "Ship.Environment.CumulativeReward.mean": {
            "value": -0.10193260499121,
            "min": -2.241392950216929,
            "max": 0.9738584995502606,
            "count": 426
        },
        "Ship.Policy.ExtrinsicReward.mean": {
            "value": -0.10193260499121,
            "min": -2.241392950216929,
            "max": 0.9738584995502606,
            "count": 426
        },
        "Ship.IsTraining.mean": {
            "value": 1.0,
            "min": 1.0,
            "max": 1.0,
            "count": 426
        },
        "Ship.Losses.PolicyLoss.mean": {
            "value": 0.015440595119919938,
            "min": 0.010165273539193246,
            "max": 0.024179504346102478,
            "count": 425
        },
        "Ship.Losses.ValueLoss.mean": {
            "value": 0.0019370018659780424,
            "min": 0.0003087955138956507,
            "max": 0.004062690182278553,
            "count": 425
        },
        "Ship.Policy.LearningRate.mean": {
            "value": 7.649112150890202e-05,
            "min": 7.649112150890202e-05,
            "max": 9.768030031970201e-05,
            "count": 425
        },
        "Ship.Policy.Epsilon.mean": {
            "value": 0.17649109799999993,
            "min": 0.17649109799999993,
            "max": 0.19768029799999998,
            "count": 425
        },
        "Ship.Policy.Beta.mean": {
            "value": 0.0038269057901999994,
            "min": 0.0038269057901999994,
            "max": 0.004884246870200001,
            "count": 425
        }
    },
    "metadata": {
        "timer_format_version": "0.1.0",
        "start_time_seconds": "1610754414",
        "python_version": "3.8.0 (tags/v3.8.0:fa919fd, Oct 14 2019, 19:37:50) [MSC v.1916 64 bit (AMD64)]",
        "command_line_arguments": "C:\\Users\\diogo\\AppData\\Local\\Programs\\Python\\Python38\\Scripts\\mlagents-learn ./config/ppo/Asteroids.yaml --run-id=29_MoveNShoot_DifferentCurriculum_changedRewardSystem --resume",
        "mlagents_version": "0.23.0",
        "mlagents_envs_version": "0.23.0",
        "communication_protocol_version": "1.3.0",
        "pytorch_version": "1.7.1+cpu",
        "numpy_version": "1.18.5",
        "end_time_seconds": "1610797264"
    },
    "total": 42849.6571976,
    "count": 1,
    "self": 0.030547899994417094,
    "children": {
        "run_training.setup": {
            "total": 0.01846609999999993,
            "count": 1,
            "self": 0.01846609999999993
        },
        "TrainerController.start_learning": {
            "total": 42849.6081836,
            "count": 1,
            "self": 75.39414640008908,
            "children": {
                "TrainerController._reset_env": {
                    "total": 12.603887,
                    "count": 1,
                    "self": 12.603887
                },
                "TrainerController.advance": {
                    "total": 42761.286147199906,
                    "count": 425949,
                    "self": 15.495725499844411,
                    "children": {
                        "env_step": {
                            "total": 42745.79042170006,
                            "count": 425949,
                            "self": 40160.14641689909,
                            "children": {
                                "SubprocessEnvManager._take_step": {
                                    "total": 2577.810637601752,
                                    "count": 425949,
                                    "self": 38.580689101806456,
                                    "children": {
                                        "TorchPolicy.evaluate": {
                                            "total": 2539.2299484999457,
                                            "count": 425949,
                                            "self": 417.4573089999767,
                                            "children": {
                                                "TorchPolicy.sample_actions": {
                                                    "total": 2121.772639499969,
                                                    "count": 425949,
                                                    "self": 2121.772639499969
                                                }
                                            }
                                        }
                                    }
                                },
                                "workers": {
                                    "total": 7.833367199214276,
                                    "count": 425948,
                                    "self": 0.0,
                                    "children": {
                                        "worker_root": {
                                            "total": 42817.89262870152,
                                            "count": 425948,
                                            "is_parallel": true,
                                            "self": 3841.1200429996316,
                                            "children": {
                                                "steps_from_proto": {
                                                    "total": 0.0025100000000009004,
                                                    "count": 1,
                                                    "is_parallel": true,
                                                    "self": 0.0004299000000020925,
                                                    "children": {
                                                        "_process_vector_observation": {
                                                            "total": 0.002080099999998808,
                                                            "count": 6,
                                                            "is_parallel": true,
                                                            "self": 0.002080099999998808
                                                        }
                                                    }
                                                },
                                                "UnityEnvironment.step": {
                                                    "total": 38976.77007570189,
                                                    "count": 425948,
                                                    "is_parallel": true,
                                                    "self": 99.33707190453424,