{
    "name": "root",
    "gauges": {
        "Ship.Policy.Entropy.mean": {
            "value": 2.186387538909912,
            "min": 2.1707794666290283,
            "max": 2.217566967010498,
            "count": 429
        },
        "Ship.Environment.EpisodeLength.mean": {
            "value": 827.9090909090909,
            "min": 269.0,
            "max": 1024.0,
            "count": 429
        },
        "Ship.Game.Score.mean": {
            "value": 4.818181818181818,
            "min": 2.230769230769231,
            "max": 6.75,
            "count": 429
        },
        "Ship.Game.Wave.mean": {
            "value": 1.0,
            "min": 1.0,
            "max": 1.0,
            "count": 429
        },
        "Ship.Policy.ExtrinsicValueEstimate.mean": {
            "value": -0.8574910759925842,
            "min": -1.0419845581054688,
            "max": -0.6777476072311401,
            "count": 429
        },
        "Ship.Policy.CuriosityValueEstimate.mean": {
            "value": 0.02488994598388672,
            "min": 0.0021399108227342367,
            "max": 9.165379524230957,
            "count": 429
        },
        "Ship.Environment.CumulativeReward.mean": {
            "value": -4.127042067050934,
            "min": -6.043302416801453,
            "max": -1.4060008227825165,
            "count": 429
        },
        "Ship.Policy.ExtrinsicReward.mean": {
            "value": -4.127042067050934,
            "min": -6.043302416801453,
            "max": -1.4060008227825165,
            "count": 429
        },
        "Ship.Policy.CuriosityReward.mean": {
            "value": 0.0789571714070462,
            "min": 0.0,
            "max": 1.699961488939483,
            "count": 429
        },
        "Ship.IsTraining.mean": {
            "value": 1.0,
            "min": 1.0,
            "max": 1.0,
            "count": 429
        },
        "Ship.Losses.PolicyLoss.mean": {
            "value": 0.014403743667450423,
            "min": 0.010839945555926534,
            "max": 0.0230371252556021,
            "count": 206
        },
        "Ship.Losses.ValueLoss.mean": {
            "value": 0.0076164422401537495,
            "min": 0.006922871246933937,
            "max": 0.3858062158028285,
            "count": 206
        },
        "Ship.Policy.LearningRate.mean": {
            "value": 0.00026608843130385997,
            "min": 0.00026608843130385997,
            "max": 0.00029157738280754007,
            "count": 206
        },
        "Ship.Policy.Epsilon.mean": {
            "value": 0.10000000000000003,
            "min": 0.10000000000000003,
            "max": 0.10000000000000003,
            "count": 206
        },
        "Ship.Policy.Beta.mean": {
            "value": 0.008870744386,
            "min": 0.008870744386,
            "max": 0.009719526754000002,
            "count": 206
        },
        "Ship.Losses.CuriosityForwardLoss.mean": {
            "value": 0.0014655604706301044,
            "min": 0.0006513887279046078,
            "max": 0.01854718259225289,
            "count": 206
        },
        "Ship.Losses.CuriosityInverseLoss.mean": {
            "value": 3.7330548922220865,
            "min": 3.3056681950887046,
            "max": 3.9334481318791705,
            "count": 206
        }
    },
    "metadata": {
        "timer_format_version": "0.1.0",
        "start_time_seconds": "1609465089",
        "python_version": "3.8.0 (tags/v3.8.0:fa919fd, Oct 14 2019, 19:37:50) [MSC v.1916 64 bit (AMD64)]",
        "command_line_arguments": "C:\\Users\\diogo\\AppData\\Local\\Programs\\Python\\Python38\\Scripts\\mlagents-learn ./config/ppo/Asteroids.yaml --run-id=MoveNShoot_v14_splitasteroids --resume",
        "mlagents_version": "0.23.0",
        "mlagents_envs_version": "0.23.0",
        "communication_protocol_version": "1.3.0",
        "pytorch_version": "1.7.1+cpu",
        "numpy_version": "1.18.5",
        "end_time_seconds": "1609504767"
    },
    "total": 39677.431258,
    "count": 1,
    "self": 0.012050699995597824,
    "children": {
        "run_training.setup": {
            "total": 0.017604199999999848,
            "count": 1,
            "self": 0.017604199999999848
        },
        "TrainerController.start_learning": {
            "total": 39677.4016031,
            "count": 1,
            "self": 6.990224799257703,
            "children": {
                "TrainerController._reset_env": {
                    "total": 12.2681132,
                    "count": 1,
                    "self": 12.2681132
                },
                "TrainerController.advance": {
                    "total": 39657.77424160074,
                    "count": 214759,
                    "self": 3.2252063993291813,
                    "children": {
                        "env_step": {
                            "total": 39654.54903520141,
                            "count": 214759,
                            "self": 38387.29557700017,
                            "children": {
                                "SubprocessEnvManager._take_step": {
                                    "total": 1263.6175964002382,
                                    "count": 214759,
                                    "self": 19.02254179970123,
                                    "children": {
                                        "TorchPolicy.evaluate": {
                                            "total": 1244.595054600537,
                                            "count": 214759,
                                            "self": 228.94330480028816,
                                            "children": {
                                                "TorchPolicy.sample_actions": {
                                                    "total": 1015.6517498002488,
                                                    "count": 214759,
                                                    "self": 1015.6517498002488
                                                }
                                            }
                                        }
                                    }
                                },
                                "workers": {
                                    "total": 3.635861800997887,
                                    "count": 214758,
                                    "self": 0.0,
                                    "children": {
                                        "worker_root": {
                                            "total": 39654.531735200224,
                                            "count": 214758,
                                            "is_parallel": true,
                                            "self": 1771.3370927007272,
                                            "children": {
                                                "steps_from_proto": {
                                                    "total": 0.007417600000000135,
                                                    "count": 1,
                                                    "is_parallel": true,
                                                    "self": 0.0003039000000004677,
                                                    "children": {
                                                        "_process_vector_observation": {
                                                            "total": 0.0071136999999996675,
                                                            "count": 10,
                                                            "is_parallel": true,
                                                            "self": 0.0071136999999996675
                                                        }
                                                    }
                                                },
                                                "UnityEnvironment.step": {
                                                    "total": 37883.1872248995,