{
    "Ship": {
        "checkpoints": [
            {
                "steps": 499568,
                "file_path": "results\\MoveNShoot_v13_non_moving_asses\\Ship\\Ship-499568.onnx",
                "reward": -4.736401319503784,
                "creation_time": 1609439956.6078339
            },
            {
                "steps": 999777,
                "file_path": "results\\MoveNShoot_v13_non_moving_asses\\Ship\\Ship-999777.onnx",
                "reward": -5.750268674559063,
                "creation_time": 1609444698.6496592
            },
            {
                "steps": 1499821,
                "file_path": "results\\MoveNShoot_v13_non_moving_asses\\Ship\\Ship-1499821.onnx",
                "reward": -6.350693009116433,
                "creation_time": 1609449416.02554
            },
            {
                "steps": 1725777,
                "file_path": "results\\MoveNShoot_v13_non_moving_asses\\Ship\\Ship-1725777.onnx",
                "reward": -5.329424338208304,
                "creation_time": 1609451587.097279
            }
        ],
        "final_checkpoint": {
            "steps": 1725777,
            "file_path": "results\\MoveNShoot_v13_non_moving_asses\\Ship.onnx",
            "reward": -5.329424338208304,
            "creation_time": 1609451587.097279
        }
    },
    "metadata": {
        "stats_format_version": "0.2.0",
        "mlagents_version": "0.23.0",
        "torch_version": "1.7.1+cpu",
        "tensorflow_version": -1
    }
}