{"cameraMode":{"drawMode":0,"name":"Shaded","section":"Shading Mode"},"sceneLighting":false,"audioPlay":false,"sceneViewState":{"showFog":true,"showMaterialUpdate":false,"showSkybox":true,"showFlares":true,"showImageEffects":true,"showParticleSystems":true},"in2DMode":false,"pivot":{"x":-3.07379150390625,"y":14.203609466552735,"z":5.044617652893066},"rotation":{"x":0.07542553544044495,"y":-0.6797348260879517,"z":0.07060489058494568,"w":0.726145327091217},"size":24.80790138244629,"orthographic":false}