{"cameraMode":{"drawMode":0,"name":"Shaded","section":"Shading Mode"},"sceneLighting":false,"audioPlay":false,"sceneViewState":{"showFog":true,"showMaterialUpdate":false,"showSkybox":true,"showFlares":true,"showImageEffects":true,"showParticleSystems":true},"in2DMode":false,"pivot":{"x":80.09842681884766,"y":5.798055648803711,"z":71.2270736694336},"rotation":{"x":-0.06286605447530747,"y":-0.3031998574733734,"z":0.019982565194368364,"w":-0.9507035613059998},"size":25.317716598510743,"orthographic":false}