{
    "name": "root",
    "gauges": {
        "Ship.Policy.Entropy.mean": {
            "value": 1.5790833234786987,
            "min": 1.5573012828826904,
            "max": 2.1142914295196533,
            "count": 78
        },
        "Ship.Environment.EpisodeLength.mean": {
            "value": 123.32876712328768,
            "min": 113.42045454545455,
            "max": 2378.6666666666665,
            "count": 77
        },
        "Ship.Game.Score.mean": {
            "value": 140.0958904109589,
            "min": 1.3888888888888888,
            "max": 140.0958904109589,
            "count": 77
        },
        "Ship.Game.Wave.mean": {
            "value": 141.0958904109589,
            "min": 2.388888888888889,
            "max": 141.0958904109589,
            "count": 77
        },
        "Ship.Policy.ExtrinsicValueEstimate.mean": {
            "value": 0.487837553024292,
            "min": -0.3031249940395355,
            "max": 0.509329080581665,
            "count": 78
        },
        "Ship.Policy.CuriosityValueEstimate.mean": {
            "value": 0.03164331242442131,
            "min": 0.013350476510822773,
            "max": 0.2740864157676697,
            "count": 78
        },
        "Ship.Environment.CumulativeReward.mean": {
            "value": 0.7686164297469674,
            "min": -7.652001082897186,
            "max": 0.7686164297469674,
            "count": 77
        },
        "Ship.Policy.ExtrinsicReward.mean": {
            "value": 0.7686164297469674,
            "min": -7.652001082897186,
            "max": 0.7686164297469674,
            "count": 77
        },
        "Ship.Policy.CuriosityReward.mean": {
            "value": 0.02513858503725839,
            "min": 0.02513858503725839,
            "max": 2.5633346170186995,
            "count": 77
        },
        "Ship.Losses.PolicyLoss.mean": {
            "value": 0.018758953260354854,
            "min": 0.011374344714931794,
            "max": 0.02714926988799486,
            "count": 78
        },
        "Ship.Losses.ValueLoss.mean": {
            "value": 0.0015208092178606118,
            "min": 0.000648545191830231,
            "max": 0.01678614380458991,
            "count": 78
        },
        "Ship.Policy.LearningRate.mean": {
            "value": 0.0002953505460498185,
            "min": 0.0002953505460498185,
            "max": 0.000299978454007182,
            "count": 78
        },
        "Ship.Policy.Epsilon.mean": {
            "value": 0.1984501815,
            "min": 0.1984501815,
            "max": 0.19999281800000002,
            "count": 78
        },
        "Ship.Policy.Beta.mean": {
            "value": 0.00492266405685,
            "min": 0.00492266405685,
            "max": 0.0049996416182,
            "count": 78
        },
        "Ship.Losses.CuriosityForwardLoss.mean": {
            "value": 0.018246123373198014,
            "min": 0.014031042732919255,
            "max": 0.9128843173384666,
            "count": 78
        },
        "Ship.Losses.CuriosityInverseLoss.mean": {
            "value": 1.0561292121807735,
            "min": 1.0365684082110722,
            "max": 1.7377520700295768,
            "count": 78
        },
        "Ship.IsTraining.mean": {
            "value": 1.0,
            "min": 1.0,
            "max": 1.0,
            "count": 78
        }
    },
    "metadata": {
        "timer_format_version": "0.1.0",
        "start_time_seconds": "1609157277",
        "python_version": "3.8.0 (tags/v3.8.0:fa919fd, Oct 14 2019, 19:37:50) [MSC v.1916 64 bit (AMD64)]",
        "command_line_arguments": "C:\\Users\\diogo\\AppData\\Local\\Programs\\Python\\Python38\\Scripts\\mlagents-learn ./config/ppo/Asteroids.yaml --run-id=ShootNRotate_v7",
        "mlagents_version": "0.23.0",
        "mlagents_envs_version": "0.23.0",
        "communication_protocol_version": "1.3.0",
        "pytorch_version": "1.7.1+cpu",
        "numpy_version": "1.18.5",
        "end_time_seconds": "1609162584"
    },
    "total": 5307.1631288,
    "count": 1,
    "self": 0.012240599999131518,
    "children": {
        "run_training.setup": {
            "total": 0.040623899999999935,
            "count": 1,
            "self": 0.040623899999999935
        },
        "TrainerController.start_learning": {
            "total": 5307.1102643,
            "count": 1,
            "self": 0.8894483000085529,
            "children": {
                "TrainerController._reset_env": {
                    "total": 7.720006400000001,
                    "count": 1,
                    "self": 7.720006400000001
                },
                "TrainerController.advance": {
                    "total": 5298.317261699993,
                    "count": 31530,
                    "self": 0.4502899999888541,
                    "children": {
                        "env_step": {
                            "total": 5297.866971700004,
                            "count": 31530,
                            "self": 5171.48988529997,
                            "children": {
                                "SubprocessEnvManager._take_step": {
                                    "total": 125.84457189997016,
                                    "count": 31530,
                                    "self": 2.7110075999191565,
                                    "children": {
                                        "TorchPolicy.evaluate": {
                                            "total": 123.133564300051,
                                            "count": 31530,
                                            "self": 30.827243600051858,
                                            "children": {
                                                "TorchPolicy.sample_actions": {
                                                    "total": 92.30632069999915,
                                                    "count": 31530,
                                                    "self": 92.30632069999915
                                                }
                                            }
                                        }
                                    }
                                },
                                "workers": {
                                    "total": 0.5325145000634492,
                                    "count": 31529,
                                    "self": 0.0,
                                    "children": {
                                        "worker_root": {
                                            "total": 5297.883641699997,
                                            "count": 31529,
                                            "is_parallel": true,
                                            "self": 214.59680979993846,
                                            "children": {
                                                "steps_from_proto": {
                                                    "total": 0.013655599999999879,
                                                    "count": 1,
                                                    "is_parallel": true,
                                                    "self": 0.009032999999999625,
                                                    "children": {
                                                        "_process_vector_observation": {
                                                            "total": 0.004622600000000254,
                                                            "count": 8,
                                                            "is_parallel": true,
                                                            "self": 0.004622600000000254
                                                        }
                                                    }
                                                },