{
    "name": "root",
    "gauges": {
        "Ship.Policy.Entropy.mean": {
            "value": 1.431609869003296,
            "min": 1.4089070558547974,
            "max": 1.4650602340698242,
            "count": 78
        },
        "Ship.Environment.LessonNumber.UnbreakableAsteroids.mean": {
            "value": 2.0,
            "min": 2.0,
            "max": 2.0,
            "count": 78
        },
        "Ship.Environment.LessonNumber.BigAsteroids.mean": {
            "value": 2.0,
            "min": 2.0,
            "max": 2.0,
            "count": 78
        },
        "Ship.Environment.LessonNumber.UFOs.mean": {
            "value": 2.0,
            "min": 2.0,
            "max": 2.0,
            "count": 78
        },
        "Ship.Environment.EpisodeLength.mean": {
            "value": 556.3076923076923,
            "min": 471.0,
            "max": 713.9117647058823,
            "count": 78
        },
        "Ship.Game.Score.mean": {
            "value": 1.564102564102564,
            "min": 0.6590909090909091,
            "max": 2.0416666666666665,
            "count": 78
        },
        "Ship.Game.Wave.mean": {
            "value": 2.5641025641025643,
            "min": 1.6590909090909092,
            "max": 3.0416666666666665,
            "count": 78
        },
        "Ship.Policy.ExtrinsicValueEstimate.mean": {
            "value": 0.024201473221182823,
            "min": -0.04854607954621315,
            "max": 0.07823844999074936,
            "count": 78
        },
        "Ship.Environment.CumulativeReward.mean": {
            "value": -0.21226739814115125,
            "min": -0.7046690355328953,
            "max": 0.36000001430511475,
            "count": 78
        },
        "Ship.Policy.ExtrinsicReward.mean": {
            "value": -0.21226739814115125,
            "min": -0.7046690355328953,
            "max": 0.36000001430511475,
            "count": 78
        },
        "Ship.IsTraining.mean": {
            "value": 1.0,
            "min": 1.0,
            "max": 1.0,
            "count": 78
        },
        "Ship.Losses.PolicyLoss.mean": {
            "value": 0.01702678871677108,
            "min": 0.01240504956804216,
            "max": 0.022691049915738403,
            "count": 77
        },
        "Ship.Losses.ValueLoss.mean": {
            "value": 0.002614712486198793,
            "min": 0.0007747977991433194,
            "max": 0.004635559534654022,
            "count": 77
        },
        "Ship.Policy.LearningRate.mean": {
            "value": 9.999999999999998e-05,
            "min": 9.999999999999998e-05,
            "max": 9.999999999999998e-05,
            "count": 77
        },
        "Ship.Policy.Epsilon.mean": {
            "value": 0.20000000000000007,
            "min": 0.20000000000000007,
            "max": 0.20000000000000007,
            "count": 77
        },
        "Ship.Policy.Beta.mean": {
            "value": 0.005000000000000001,
            "min": 0.005000000000000001,
            "max": 0.005000000000000001,
            "count": 77
        }
    },
    "metadata": {
        "timer_format_version": "0.1.0",
        "start_time_seconds": "1611335813",
        "python_version": "3.8.0 (tags/v3.8.0:fa919fd, Oct 14 2019, 19:37:50) [MSC v.1916 64 bit (AMD64)]",
        "command_line_arguments": "C:\\Users\\diogo\\AppData\\Local\\Programs\\Python\\Python38\\Scripts\\mlagents-learn ./config/ppo/Asteroids.yaml --run-id=32_MoveNShoot_DifferentCurriculum_changedCurriculum --resume",
        "mlagents_version": "0.23.0",
        "mlagents_envs_version": "0.23.0",
        "communication_protocol_version": "1.3.0",
        "pytorch_version": "1.7.1+cpu",
        "numpy_version": "1.18.5",
        "end_time_seconds": "1611345073"
    },
    "total": 9259.794077300001,
    "count": 1,
    "self": 0.033116600001449115,
    "children": {
        "run_training.setup": {
            "total": 0.021860599999999897,
            "count": 1,
            "self": 0.021860599999999897
        },
        "TrainerController.start_learning": {
            "total": 9259.7391001,
            "count": 1,
            "self": 14.823380499874474,
            "children": {
                "TrainerController._reset_env": {
                    "total": 11.5267777,
                    "count": 1,
                    "self": 11.5267777
                },
                "TrainerController.advance": {
                    "total": 9233.002867300123,
                    "count": 78331,
                    "self": 3.250560100097573,
                    "children": {
                        "env_step": {
                            "total": 9229.752307200026,
                            "count": 78331,
                            "self": 8693.436793399931,
                            "children": {
                                "SubprocessEnvManager._take_step": {
                                    "total": 534.7170049000441,
                                    "count": 78331,
                                    "self": 8.037224200053515,
                                    "children": {
                                        "TorchPolicy.evaluate": {
                                            "total": 526.6797806999906,
                                            "count": 78331,
                                            "self": 77.459376600192,
                                            "children": {
                                                "TorchPolicy.sample_actions": {
                                                    "total": 449.2204040997986,
                                                    "count": 78331,
                                                    "self": 449.2204040997986
                                                }
                                            }
                                        }
                                    }
                                },
                                "workers": {
                                    "total": 1.5985089000497918,
                                    "count": 78330,
                                    "self": 0.0,
                                    "children": {
                                        "worker_root": {
                                            "total": 9244.027777500001,
                                            "count": 78330,
                                            "is_parallel": true,
                                            "self": 782.4058640000421,
                                            "children": {
                                                "steps_from_proto": {
                                                    "total": 0.003516899999999268,
                                                    "count": 1,
                                                    "is_parallel": true,
                                                    "self": 0.00029400000000379123,
                                                    "children": {
                                                        "_process_vector_observation": {
                                                            "total": 0.0032228999999954766,
                                                            "count": 6,
                                                            "is_parallel": true,
                                                            "self": 0.0032228999999954766
                                                        }
                                                    }
                                                },
                                                "UnityEnvironment.step": {
                                                    "total": 8461.618396599959,
                                                    "count": 78330,
                                                    "is_parallel": true,
                                                    "self": 25.232814099939787,