{
    "name": "root",
    "gauges": {
        "Ship.Policy.Entropy.mean": {
            "value": 1.4011547565460205,
            "min": 1.4011547565460205,
            "max": 2.1132564544677734,
            "count": 86
        },
        "Ship.Environment.EpisodeLength.mean": {
            "value": 32767.0,
            "min": 259.0,
            "max": 32767.0,
            "count": 14
        },
        "Ship.Game.Score.mean": {
            "value": 3.0,
            "min": 1.0,
            "max": 4.0,
            "count": 14
        },
        "Ship.Game.Wave.mean": {
            "value": 4.0,
            "min": 2.0,
            "max": 5.0,
            "count": 14
        },
        "Ship.Policy.ExtrinsicValueEstimate.mean": {
            "value": 0.000947403721511364,
            "min": -0.029369262978434563,
            "max": 0.019199812784790993,
            "count": 86
        },
        "Ship.Policy.CuriosityValueEstimate.mean": {
            "value": 0.03848539665341377,
            "min": 0.011857634410262108,
            "max": 0.0792863741517067,
            "count": 86
        },
        "Ship.Environment.CumulativeReward.mean": {
            "value": -3.627679279074073,
            "min": -4.8915341049432755,
            "max": 0.08461001515388489,
            "count": 14
        },
        "Ship.Policy.ExtrinsicReward.mean": {
            "value": -3.627679279074073,
            "min": -4.8915341049432755,
            "max": 0.08461001515388489,
            "count": 14
        },
        "Ship.Policy.CuriosityReward.mean": {
            "value": 38.667678475379944,
            "min": 0.09699626763661702,
            "max": 38.667678475379944,
            "count": 14
        },
        "Ship.Losses.PolicyLoss.mean": {
            "value": 0.03700574640426094,
            "min": 0.021029256625721852,
            "max": 0.04435983896255493,
            "count": 86
        },
        "Ship.Losses.ValueLoss.mean": {
            "value": 6.54038556907229e-06,
            "min": 1.0896205992594333e-06,
            "max": 0.0018337249348405749,
            "count": 86
        },
        "Ship.Policy.LearningRate.mean": {
            "value": 0.00029486106771297796,
            "min": 0.00029486106771297796,
            "max": 0.000299978217007261,
            "count": 86
        },
        "Ship.Policy.Epsilon.mean": {
            "value": 0.19828702200000003,
            "min": 0.19828702200000003,
            "max": 0.19999273900000003,
            "count": 86
        },
        "Ship.Policy.Beta.mean": {
            "value": 0.0049145223978000014,
            "min": 0.0049145223978000014,
            "max": 0.004999637676100001,
            "count": 86
        },
        "Ship.Losses.CuriosityForwardLoss.mean": {
            "value": 0.02049406949016783,
            "min": 0.012372806581358115,
            "max": 0.29147244840860365,
            "count": 86
        },
        "Ship.Losses.CuriosityInverseLoss.mean": {
            "value": 0.33188673379244626,
            "min": 0.31727919865537574,
            "max": 1.7312955633799234,
            "count": 86
        },
        "Ship.IsTraining.mean": {
            "value": 1.0,
            "min": 1.0,
            "max": 1.0,
            "count": 86
        }
    },
    "metadata": {
        "timer_format_version": "0.1.0",
        "start_time_seconds": "1609084029",
        "python_version": "3.8.0 (tags/v3.8.0:fa919fd, Oct 14 2019, 19:37:50) [MSC v.1916 64 bit (AMD64)]",
        "command_line_arguments": "C:\\Users\\diogo\\AppData\\Local\\Programs\\Python\\Python38\\Scripts\\mlagents-learn ./config/ppo/Asteroids.yaml --run-id=ShootNRotate_v2_extrasensors",
        "mlagents_version": "0.23.0",
        "mlagents_envs_version": "0.23.0",
        "communication_protocol_version": "1.3.0",
        "pytorch_version": "1.7.1+cpu",
        "numpy_version": "1.18.5",
        "end_time_seconds": "1609088074"
    },
    "total": 4045.1531889,
    "count": 1,
    "self": 0.013694199999463308,
    "children": {
        "run_training.setup": {
            "total": 0.011670999999999987,
            "count": 1,
            "self": 0.011670999999999987
        },
        "TrainerController.start_learning": {
            "total": 4045.1278237,
            "count": 1,
            "self": 1.252151300033347,
            "children": {
                "TrainerController._reset_env": {
                    "total": 5.757958400000001,
                    "count": 1,
                    "self": 5.757958400000001
                },
                "TrainerController.advance": {
                    "total": 4037.9193983999667,
                    "count": 43517,
                    "self": 0.6400135999706436,
                    "children": {
                        "env_step": {
                            "total": 4037.279384799996,
                            "count": 43517,
                            "self": 3836.3828855999377,
                            "children": {
                                "SubprocessEnvManager._take_step": {
                                    "total": 200.14509340004167,
                                    "count": 43517,
                                    "self": 3.91779620006281,
                                    "children": {
                                        "TorchPolicy.evaluate": {
                                            "total": 196.22729719997886,
                                            "count": 43517,
                                            "self": 37.968996799939674,
                                            "children": {
                                                "TorchPolicy.sample_actions": {
                                                    "total": 158.2583004000392,
                                                    "count": 43517,
                                                    "self": 158.2583004000392
                                                }
                                            }
                                        }
                                    }
                                },
                                "workers": {
                                    "total": 0.7514058000166672,
                                    "count": 43516,
                                    "self": 0.0,
                                    "children": {
                                        "worker_root": {
                                            "total": 4037.380441299988,
                                            "count": 43516,
                                            "is_parallel": true,
                                            "self": 329.78050220000796,
                                            "children": {
                                                "steps_from_proto": {
                                                    "total": 0.0027957000000000676,
                                                    "count": 1,
                                                    "is_parallel": true,
                                                    "self": 0.0002646000000003923,
                                                    "children": {
                                                        "_process_vector_observation": {
                                                            "total": 0.0025310999999996753,
                                                            "count": 6,
                                                            "is_parallel": true,
                                                            "self": 0.0025310999999996753
                                                        }
                                                    }
                                                },
                                                "UnityEnvironment.step": {
                                                    "total": 3707.59714339998,