{
    "name": "root",
    "gauges": {
        "Ship.Policy.Entropy.mean": {
            "value": 0.6820051074028015,
            "min": 0.5147711634635925,
            "max": 0.6921424865722656,
            "count": 53
        },
        "Ship.Environment.EpisodeLength.mean": {
            "value": 39.861224489795916,
            "min": 39.140562248995984,
            "max": 41.82905982905983,
            "count": 53
        },
        "Ship.Game.Score.mean": {
            "value": 857.6,
            "min": 8.673469387755102,
            "max": 857.6,
            "count": 53
        },
        "Ship.Game.Wave.mean": {
            "value": 858.6,
            "min": 9.673469387755102,
            "max": 858.6,
            "count": 53
        },
        "Ship.Policy.ExtrinsicValueEstimate.mean": {
            "value": 0.030942430719733238,
            "min": -0.025021281093358994,
            "max": 0.04009605199098587,
            "count": 53
        },
        "Ship.Environment.CumulativeReward.mean": {
            "value": 0.15000000596046448,
            "min": 0.15000000596046448,
            "max": 0.15000000596046448,
            "count": 53
        },
        "Ship.Policy.ExtrinsicReward.mean": {
            "value": 0.15000000596046448,
            "min": 0.15000000596046448,
            "max": 0.15000000596046448,
            "count": 53
        },
        "Ship.Losses.PolicyLoss.mean": {
            "value": 0.06348525061039254,
            "min": 0.059563009762981275,
            "max": 0.07548150902148335,
            "count": 53
        },
        "Ship.Losses.ValueLoss.mean": {
            "value": 0.0012332695696386509,
            "min": 0.0011806611528299982,
            "max": 0.002127013493615474,
            "count": 53
        },
        "Ship.Policy.LearningRate.mean": {
            "value": 0.0002968550266483247,
            "min": 0.0002968550266483247,
            "max": 0.0002999687835104055,
            "count": 53
        },
        "Ship.Policy.Epsilon.mean": {
            "value": 0.1989516752,
            "min": 0.1989516752,
            "max": 0.1999895945,
            "count": 53
        },
        "Ship.Policy.Beta.mean": {
            "value": 0.00494768859248,
            "min": 0.00494768859248,
            "max": 0.00499948076555,
            "count": 53
        },
        "Ship.IsTraining.mean": {
            "value": 1.0,
            "min": 1.0,
            "max": 1.0,
            "count": 53
        }
    },
    "metadata": {
        "timer_format_version": "0.1.0",
        "start_time_seconds": "1609029944",
        "python_version": "3.8.0 (tags/v3.8.0:fa919fd, Oct 14 2019, 19:37:50) [MSC v.1916 64 bit (AMD64)]",
        "command_line_arguments": "C:\\Users\\diogo\\AppData\\Local\\Programs\\Python\\Python38\\Scripts\\mlagents-learn ./config/ppo/Asteroids.yaml --run-id=JustShoot_v1",
        "mlagents_version": "0.23.0",
        "mlagents_envs_version": "0.23.0",
        "communication_protocol_version": "1.3.0",
        "pytorch_version": "1.7.1+cpu",
        "numpy_version": "1.18.5",
        "end_time_seconds": "1609030999"
    },
    "total": 1055.5229879,
    "count": 1,
    "self": 0.009753400000136025,
    "children": {
        "run_training.setup": {
            "total": 0.01203350000000003,
            "count": 1,
            "self": 0.01203350000000003
        },
        "TrainerController.start_learning": {
            "total": 1055.501201,
            "count": 1,
            "self": 2.133526800000027,
            "children": {
                "TrainerController._reset_env": {
                    "total": 20.716918200000002,
                    "count": 1,
                    "self": 20.716918200000002
                },
                "TrainerController.advance": {
                    "total": 1032.532112,
                    "count": 35659,
                    "self": 0.6632546999978786,
                    "children": {
                        "env_step": {
                            "total": 1031.8688573000022,
                            "count": 35659,
                            "self": 885.1591551999991,
                            "children": {
                                "SubprocessEnvManager._take_step": {
                                    "total": 145.90677790000564,
                                    "count": 35659,
                                    "self": 3.3626512000014657,
                                    "children": {
                                        "TorchPolicy.evaluate": {
                                            "total": 142.54412670000417,
                                            "count": 35659,
                                            "self": 39.18856009999931,
                                            "children": {
                                                "TorchPolicy.sample_actions": {
                                                    "total": 103.35556660000486,
                                                    "count": 35659,
                                                    "self": 103.35556660000486
                                                }
                                            }
                                        }
                                    }
                                },
                                "workers": {
                                    "total": 0.8029241999975625,
                                    "count": 35658,
                                    "self": 0.0,
                                    "children": {
                                        "worker_root": {
                                            "total": 1032.2948528000034,
                                            "count": 35658,
                                            "is_parallel": true,
                                            "self": 265.32410740001035,
                                            "children": {
                                                "steps_from_proto": {
                                                    "total": 0.0005231999999999459,
                                                    "count": 1,
                                                    "is_parallel": true,
                                                    "self": 0.00022669999999891388,
                                                    "children": {
                                                        "_process_vector_observation": {
                                                            "total": 0.00029650000000103205,
                                                            "count": 2,
                                                            "is_parallel": true,
                                                            "self": 0.00029650000000103205
                                                        }
                                                    }
                                                },
                                                "UnityEnvironment.step": {
                                                    "total": 766.970222199993,
                                                    "count": 35658,
                                                    "is_parallel": true,
                                                    "self": 6.017067299981932,
                                                    "children": {
                                                        "UnityEnvironment._generate_step_input": {
                                                            "total": 54.57728069999572,
                                                            "count": 35658,
                                                            "is_parallel": true,
                                                            "self": 54.57728069999572
                                                        },