{"count":1,"self":121.13080319999999,"total":160.13944469999998,"children":{"InitializeActuators":{"count":25,"self":0.0029876,"total":0.0029876,"children":null},"InitializeSensors":{"count":25,"self":0.0019947999999999997,"total":0.0019947999999999997,"children":null},"AgentSendState":{"count":7682,"self":3.8597072,"total":8.2162729,"children":{"CollectObservations":{"count":192050,"self":1.1775391,"total":1.1775391,"children":null},"WriteActionMask":{"count":192050,"self":1.2058361,"total":1.2058361,"children":null},"RequestDecision":{"count":192050,"self":1.9731904,"total":1.9731904999999998,"children":null}}},"DecideAction":{"count":7682,"self":15.547968,"total":29.6988417,"children":{"RayPerceptionSensor.Perceive":{"count":384100,"self":14.150873599999999,"total":14.150873899999999,"children":null}}},"AgentAct":{"count":7682,"self":1.0865525999999999,"total":1.0865525999999999,"children":null}},"gauges":{"Ship.CumulativeReward":{"count":511,"max":0.9120003,"min":-3.81595516,"runningAverage":0.4303532,"value":0.0130010247,"weightedAverage":0.422089159}},"metadata":{"timer_format_version":"0.1.0","start_time_seconds":"1609793420","unity_version":"2019.4.11f1","command_line_arguments":"C:\\Program Files\\Unity\\Hub\\Editor\\2019.4.11f1\\Editor\\Unity.exe -projectpath D:\/Work\/1o Sem\/IAJ\/Projects\/Project4\/Project4\/Project4 -useHub -hubIPC -cloudEnvironment production -hubSessionId 130d4b60-4b74-11eb-a75d-bb0409c6e136 -accessToken S06MhHNUITPG9L-AixiiWxb4L7vMejkBg-PYbegVdn0006f","communication_protocol_version":"1.3.0","com.unity.ml-agents_version":"1.7.2-preview","scene_name":"TrainingScene","end_time_seconds":"1609793580"}}