{
    "name": "root",
    "gauges": {
        "Ship.Policy.Entropy.mean": {
            "value": 2.02545428276062,
            "min": 1.9670873880386353,
            "max": 2.112063407897949,
            "count": 142
        },
        "Ship.Environment.EpisodeLength.mean": {
            "value": 792.0,
            "min": 218.0,
            "max": 6106.0,
            "count": 133
        },
        "Ship.Game.Score.mean": {
            "value": 87.6923076923077,
            "min": 1.2727272727272727,
            "max": 87.6923076923077,
            "count": 133
        },
        "Ship.Game.Wave.mean": {
            "value": 88.6923076923077,
            "min": 2.272727272727273,
            "max": 88.6923076923077,
            "count": 133
        },
        "Ship.Policy.ExtrinsicValueEstimate.mean": {
            "value": 0.0035682804882526398,
            "min": -0.0006856549880467355,
            "max": 0.05162337049841881,
            "count": 142
        },
        "Ship.Environment.CumulativeReward.mean": {
            "value": 0.14207077255615821,
            "min": 0.08893000334501266,
            "max": 0.14781001210212708,
            "count": 135
        },
        "Ship.Policy.ExtrinsicReward.mean": {
            "value": 0.14207077255615821,
            "min": 0.08893000334501266,
            "max": 0.14781001210212708,
            "count": 135
        },
        "Ship.Losses.PolicyLoss.mean": {
            "value": 0.06757274120650394,
            "min": 0.06179053038864267,
            "max": 0.07822927569178639,
            "count": 142
        },
        "Ship.Losses.ValueLoss.mean": {
            "value": 0.00010040195072147102,
            "min": 5.17902683306189e-09,
            "max": 0.0007705356747464975,
            "count": 142
        },
        "Ship.Policy.LearningRate.mean": {
            "value": 0.00029150781883072803,
            "min": 0.00029150781883072803,
            "max": 0.000299987574004142,
            "count": 142
        },
        "Ship.Policy.Epsilon.mean": {
            "value": 0.197169272,
            "min": 0.197169272,
            "max": 0.19999585800000005,
            "count": 142
        },
        "Ship.Policy.Beta.mean": {
            "value": 0.0048587466728,
            "min": 0.0048587466728,
            "max": 0.004999793314200001,
            "count": 142
        },
        "Ship.IsTraining.mean": {
            "value": 1.0,
            "min": 1.0,
            "max": 1.0,
            "count": 142
        }
    },
    "metadata": {
        "timer_format_version": "0.1.0",
        "start_time_seconds": "1609088456",
        "python_version": "3.8.0 (tags/v3.8.0:fa919fd, Oct 14 2019, 19:37:50) [MSC v.1916 64 bit (AMD64)]",
        "command_line_arguments": "C:\\Users\\diogo\\AppData\\Local\\Programs\\Python\\Python38\\Scripts\\mlagents-learn ./config/ppo/Asteroids.yaml --run-id=ShootNRotate_v3_extrasensors",
        "mlagents_version": "0.23.0",
        "mlagents_envs_version": "0.23.0",
        "communication_protocol_version": "1.3.0",
        "pytorch_version": "1.7.1+cpu",
        "numpy_version": "1.18.5",
        "end_time_seconds": "1609097353"
    },
    "total": 8896.167888499998,
    "count": 1,
    "self": 0.007042499997623963,
    "children": {
        "run_training.setup": {
            "total": 0.01166990000000001,
            "count": 1,
            "self": 0.01166990000000001
        },
        "TrainerController.start_learning": {
            "total": 8896.149176100002,
            "count": 1,
            "self": 3.182789499976934,
            "children": {
                "TrainerController._reset_env": {
                    "total": 8.3183392,
                    "count": 1,
                    "self": 8.3183392
                },
                "TrainerController.advance": {
                    "total": 8884.550459300024,
                    "count": 71624,
                    "self": 1.1789156000977528,
                    "children": {
                        "env_step": {
                            "total": 8883.371543699926,
                            "count": 71624,
                            "self": 8552.341136199815,
                            "children": {
                                "SubprocessEnvManager._take_step": {
                                    "total": 329.66113340007314,
                                    "count": 71624,
                                    "self": 7.472460300075227,
                                    "children": {
                                        "TorchPolicy.evaluate": {
                                            "total": 322.1886730999979,
                                            "count": 71624,
                                            "self": 66.20293389993549,
                                            "children": {
                                                "TorchPolicy.sample_actions": {
                                                    "total": 255.98573920006243,
                                                    "count": 71624,
                                                    "self": 255.98573920006243
                                                }
                                            }
                                        }
                                    }
                                },
                                "workers": {
                                    "total": 1.3692741000379645,
                                    "count": 71623,
                                    "self": 0.0,
                                    "children": {
                                        "worker_root": {
                                            "total": 8883.462573499886,
                                            "count": 71623,
                                            "is_parallel": true,
                                            "self": 582.0497775998865,
                                            "children": {
                                                "steps_from_proto": {
                                                    "total": 0.006425000000000125,
                                                    "count": 1,
                                                    "is_parallel": true,
                                                    "self": 0.0005739000000026806,
                                                    "children": {
                                                        "_process_vector_observation": {
                                                            "total": 0.0058510999999974445,
                                                            "count": 8,
                                                            "is_parallel": true,
                                                            "self": 0.0058510999999974445
                                                        }
                                                    }
                                                },
                                                "UnityEnvironment.step": {
                                                    "total": 8301.4063709,
                                                    "count": 71623,
                                                    "is_parallel": true,
                                                    "self": 19.289304500034632,
                                                    "children": {
                                                        "UnityEnvironment._generate_step_input": {
                                                            "total": 133.55106440003033,
                                                            "count": 71623,
                                                            "is_parallel": true,
                                                            "self": 133.55106440003033
                                                        },