{
    "name": "root",
    "gauges": {
        "Ship.Policy.Entropy.mean": {
            "value": 1.719797134399414,
            "min": 1.6462723016738892,
            "max": 1.719797134399414,
            "count": 2
        },
        "Ship.Policy.ExtrinsicValueEstimate.mean": {
            "value": 5.256889343261719,
            "min": 5.256889343261719,
            "max": 6.803831577301025,
            "count": 2
        },
        "Ship.Environment.EpisodeLength.mean": {
            "value": 3316.5333333333333,
            "min": 3149.0,
            "max": 3316.5333333333333,
            "count": 2
        },
        "Ship.Environment.CumulativeReward.mean": {
            "value": 3.066666666666667,
            "min": 3.066666666666667,
            "max": 3.2222222222222223,
            "count": 2
        },
        "Ship.Policy.ExtrinsicReward.mean": {
            "value": 3.066666666666667,
            "min": 3.066666666666667,
            "max": 3.2222222222222223,
            "count": 2
        },
        "Ship.Losses.PolicyLoss.mean": {
            "value": 0.028083739103094557,
            "min": 0.027292943318510274,
            "max": 0.028083739103094557,
            "count": 2
        },
        "Ship.Losses.ValueLoss.mean": {
            "value": 32.305190340677896,
            "min": 32.305190340677896,
            "max": 35.85336543321609,
            "count": 2
        },
        "Ship.Policy.LearningRate.mean": {
            "value": 0.00025682545439152004,
            "min": 0.00025682545439152004,
            "max": 0.00028457265514245003,
            "count": 2
        },
        "Ship.Policy.Epsilon.mean": {
            "value": 0.18560848000000002,
            "min": 0.18560848000000002,
            "max": 0.19485755000000005,
            "count": 2
        },
        "Ship.Policy.Beta.mean": {
            "value": 0.004281863152000001,
            "min": 0.004281863152000001,
            "max": 0.0047433917450000005,
            "count": 2
        },
        "Ship.IsTraining.mean": {
            "value": 1.0,
            "min": 1.0,
            "max": 1.0,
            "count": 2
        }
    },
    "metadata": {
        "timer_format_version": "0.1.0",
        "start_time_seconds": "1608843367",
        "python_version": "3.8.0 (tags/v3.8.0:fa919fd, Oct 14 2019, 19:37:50) [MSC v.1916 64 bit (AMD64)]",
        "command_line_arguments": "C:\\Users\\diogo\\AppData\\Local\\Programs\\Python\\Python38\\Scripts\\mlagents-learn config/ppo/Asteroids.yaml --run-id=Asteroids --force",
        "mlagents_version": "0.23.0",
        "mlagents_envs_version": "0.23.0",
        "communication_protocol_version": "1.3.0",
        "pytorch_version": "1.7.1+cpu",
        "numpy_version": "1.18.5",
        "end_time_seconds": "1608843841"
    },
    "total": 474.95067300000005,
    "count": 1,
    "self": 0.030894100000068647,
    "children": {
        "run_training.setup": {
            "total": 0.009744900000000056,
            "count": 1,
            "self": 0.009744900000000056
        },
        "TrainerController.start_learning": {
            "total": 474.910034,
            "count": 1,
            "self": 0.8222880000012651,
            "children": {
                "TrainerController._reset_env": {
                    "total": 7.288498200000001,
                    "count": 1,
                    "self": 7.288498200000001
                },
                "TrainerController.advance": {
                    "total": 466.56936819999873,
                    "count": 25951,
                    "self": 0.4184202999952049,
                    "children": {
                        "env_step": {
                            "total": 466.15094790000353,
                            "count": 25951,
                            "self": 391.98132140000405,
                            "children": {
                                "SubprocessEnvManager._take_step": {
                                    "total": 73.63987339999807,
                                    "count": 25951,
                                    "self": 1.8653142999966406,
                                    "children": {
                                        "TorchPolicy.evaluate": {
                                            "total": 71.77455910000143,
                                            "count": 25951,
                                            "self": 14.571721200001193,
                                            "children": {
                                                "TorchPolicy.sample_actions": {
                                                    "total": 57.20283790000023,
                                                    "count": 25951,
                                                    "self": 57.20283790000023
                                                }
                                            }
                                        }
                                    }
                                },
                                "workers": {
                                    "total": 0.5297531000014342,
                                    "count": 25950,
                                    "self": 0.0,
                                    "children": {
                                        "worker_root": {
                                            "total": 466.4330856999975,
                                            "count": 25950,
                                            "is_parallel": true,
                                            "self": 113.87404159999727,
                                            "children": {
                                                "steps_from_proto": {
                                                    "total": 0.00039460000000079987,
                                                    "count": 1,
                                                    "is_parallel": true,
                                                    "self": 0.00019170000000112708,
                                                    "children": {
                                                        "_process_vector_observation": {
                                                            "total": 0.0002028999999996728,
                                                            "count": 2,
                                                            "is_parallel": true,
                                                            "self": 0.0002028999999996728
                                                        }
                                                    }
                                                },
                                                "UnityEnvironment.step": {
                                                    "total": 352.55864950000023,
                                                    "count": 25950,
                                                    "is_parallel": true,
                                                    "self": 2.648846300001992,
                                                    "children": {
                                                        "UnityEnvironment._generate_step_input": {
                                                            "total": 15.224787099998537,
                                                            "count": 25950,
                                                            "is_parallel": true,
                                                            "self": 15.224787099998537
                                                        },
                                                        "communicator.exchange": {
                                                            "total": 324.0901226000029,
                                                            "count": 25950,
                                                            "is_parallel": true,